path,current_dwt,inferred_language,confidence,target_template,page_type,notes
404.html,Academic-Content-DWT.dwt,en,high,Academic-Content-EN,site-root,
Articles/TenWrd1.html,English.dwt,en,high,English-EN,legacy-article,
General/Catalog.htm,Academic-Content-DWT.dwt,en,high,Academic-Content-EN,legacy-article,
General/Color Codes/English Color Code.htm,Academic-Content-DWT.dwt,en,high,Academic-Content-EN,legacy-article,
General/Color Codes/Hebrew-Color-Code.html,Academic-Content-DWT.dwt,en,review,Academic-Content-EN,legacy-article,Filename references Hebrew but path doesn't put it in a Hebrew folder; verify.
General/Contact.htm,English.dwt,en,high,English-EN,legacy-article,
General/Leviathan.htm,English.dwt,en,high,English-EN,legacy-article,
General/Nonlinear Texts.htm,English.dwt,en,high,English-EN,legacy-article,
General/The Torah and Mishnah are Visual texts.htm,English.dwt,en,high,English-EN,legacy-article,
General/Woven Text.htm,Academic-Content-DWT.dwt,en,high,Academic-Content-EN,legacy-article,
General/about-page/about-page.html,Academic-Content-DWT.dwt,en,high,Academic-Content-EN,legacy-article,
Mishnah-New/English/Articles/Introduction to the Structured Mishnah.htm,Academic-Content-DWT.dwt,en,high,Academic-Content-EN,mishnah-article,
Mishnah-New/English/Articles/TheArt-H.htm,English.dwt,en,high,English-EN,mishnah-article,
Mishnah-New/English/Articles/avot-chapter-4.html,Academic-Content-DWT.dwt,en,high,Academic-Content-EN,mishnah-article,
Mishnah-New/English/Articles/five-pairs-avot-1.html,Academic-Content-DWT.dwt,en,high,Academic-Content-EN,mishnah-article,
Mishnah-New/English/Articles/index.html,Academic-Content-DWT.dwt,en,high,Academic-Content-EN,mishnah-article,
Mishnah-New/English/Articles/men-of-kfar-hananya.html,Academic-Content-DWT.dwt,en,high,Academic-Content-EN,mishnah-article,
Mishnah-New/English/Articles/the-esoteric-decalogue.html,Academic-Content-DWT.dwt,en,high,Academic-Content-EN,mishnah-article,
Mishnah-New/English/Mishnah Portal.htm,Academic-Content-DWT.dwt,en,high,Academic-Content-EN,,
Mishnah-New/English/mishnah-viewer.html,Academic-Content-DWT.dwt,en,high,Academic-Content-EN,,
Mishnah-New/Hebrew/Articles/CfrHnnia.htm,hebrew.dwt,he,high,Hebrew-HE,mishnah-article,
Mishnah-New/Hebrew/Articles/MAVO.htm,hebrew.dwt,he,high,Hebrew-HE,mishnah-article,
Mishnah-New/Hebrew/Articles/TheWholeStructure.htm,hebrew.dwt,he,high,Hebrew-HE,mishnah-article,
Mishnah-New/Hebrew/Articles/literary-structure-mishnah-eruvin.html,Academic-Content-DWT.dwt,he,high,Academic-Content-HE,mishnah-article,
Mishnah-New/Hebrew/Text/Links to hamishnah cdarcah and Hebrew articles on the Mishnah.htm,hebrew.dwt,he,high,Hebrew-HE,mishnah-text,
Mishnah-New/Hebrew/Text/Seder Kodashim/Masechet Arakhin/Masechet Arakhin Perek 2.htm,Academic-Content-DWT.dwt,he,high,Academic-Content-HE,mishnah-chapter,
Mishnah-New/Hebrew/Text/Seder Kodashim/Masechet Arakhin/Masechet Arakhin Perek 3.htm,Academic-Content-DWT.dwt,he,high,Academic-Content-HE,mishnah-chapter,
Mishnah-New/Hebrew/Text/Seder Kodashim/Masechet Arakhin/Masechet Arakhin Perek 4.htm,Academic-Content-DWT.dwt,he,high,Academic-Content-HE,mishnah-chapter,
Mishnah-New/Hebrew/Text/Seder Kodashim/Masechet Arakhin/Masechet Arakhin Perek 5.htm,Academic-Content-DWT.dwt,he,high,Academic-Content-HE,mishnah-chapter,
Mishnah-New/Hebrew/Text/Seder Kodashim/Masechet Arakhin/Masechet Arakhin Perek 6.htm,Academic-Content-DWT.dwt,he,high,Academic-Content-HE,mishnah-chapter,
Mishnah-New/Hebrew/Text/Seder Kodashim/Masechet Arakhin/Masechet Arakhin Perek 7.htm,Academic-Content-DWT.dwt,he,high,Academic-Content-HE,mishnah-chapter,
Mishnah-New/Hebrew/Text/Seder Kodashim/Masechet Arakhin/Masechet Arakhin Perek 8.htm,Academic-Content-DWT.dwt,he,high,Academic-Content-HE,mishnah-chapter,
Mishnah-New/Hebrew/Text/Seder Kodashim/Masechet Arakhin/Masechet Arakhin Perek 9.htm,Academic-Content-DWT.dwt,he,high,Academic-Content-HE,mishnah-chapter,
Mishnah-New/Hebrew/Text/Seder Kodashim/Masechet Arakhin/Pirkei Masechet Arakhin.htm,Academic-Content-DWT.dwt,he,high,Academic-Content-HE,mishnah-tractate-index,
Mishnah-New/Hebrew/Text/Seder Kodashim/Masechet Bekhorot/Masechet Bekhorot Perek 1.htm,Academic-Content-DWT.dwt,he,high,Academic-Content-HE,mishnah-chapter,
Mishnah-New/Hebrew/Text/Seder Kodashim/Masechet Bekhorot/Masechet Bekhorot Perek 2.htm,Academic-Content-DWT.dwt,he,high,Academic-Content-HE,mishnah-chapter,
Mishnah-New/Hebrew/Text/Seder Kodashim/Masechet Bekhorot/Masechet Bekhorot Perek 3.htm,Academic-Content-DWT.dwt,he,high,Academic-Content-HE,mishnah-chapter,
Mishnah-New/Hebrew/Text/Seder Kodashim/Masechet Bekhorot/Masechet Bekhorot Perek 4.htm,Academic-Content-DWT.dwt,he,high,Academic-Content-HE,mishnah-chapter,
Mishnah-New/Hebrew/Text/Seder Kodashim/Masechet Bekhorot/Masechet Bekhorot Perek 5.htm,Academic-Content-DWT.dwt,he,high,Academic-Content-HE,mishnah-chapter,
Mishnah-New/Hebrew/Text/Seder Kodashim/Masechet Bekhorot/Masechet Bekhorot Perek 6.htm,Academic-Content-DWT.dwt,he,high,Academic-Content-HE,mishnah-chapter,
Mishnah-New/Hebrew/Text/Seder Kodashim/Masechet Bekhorot/Masechet Bekhorot Perek 7.htm,Academic-Content-DWT.dwt,he,high,Academic-Content-HE,mishnah-chapter,
Mishnah-New/Hebrew/Text/Seder Kodashim/Masechet Bekhorot/Masechet Bekhorot Perek 8.htm,Academic-Content-DWT.dwt,he,high,Academic-Content-HE,mishnah-chapter,
Mishnah-New/Hebrew/Text/Seder Kodashim/Masechet Bekhorot/Masechet Bekhorot Perek 9.htm,Academic-Content-DWT.dwt,he,high,Academic-Content-HE,mishnah-chapter,
Mishnah-New/Hebrew/Text/Seder Kodashim/Masechet Bekhorot/Pirkei Masechet Bekhorot.htm,Academic-Content-DWT.dwt,he,high,Academic-Content-HE,mishnah-tractate-index,
Mishnah-New/Hebrew/Text/Seder Kodashim/Masechet Chullin/Masechet Chullin Perek 1.htm,Academic-Content-DWT.dwt,he,high,Academic-Content-HE,mishnah-chapter,
Mishnah-New/Hebrew/Text/Seder Kodashim/Masechet Chullin/Masechet Chullin Perek 10.htm,Academic-Content-DWT.dwt,he,high,Academic-Content-HE,mishnah-chapter,
Mishnah-New/Hebrew/Text/Seder Kodashim/Masechet Chullin/Masechet Chullin Perek 11.htm,Academic-Content-DWT.dwt,he,high,Academic-Content-HE,mishnah-chapter,
Mishnah-New/Hebrew/Text/Seder Kodashim/Masechet Chullin/Masechet Chullin Perek 12.htm,Academic-Content-DWT.dwt,he,high,Academic-Content-HE,mishnah-chapter,
Mishnah-New/Hebrew/Text/Seder Kodashim/Masechet Chullin/Masechet Chullin Perek 2.htm,Academic-Content-DWT.dwt,he,high,Academic-Content-HE,mishnah-chapter,
Mishnah-New/Hebrew/Text/Seder Kodashim/Masechet Chullin/Masechet Chullin Perek 3.htm,Academic-Content-DWT.dwt,he,high,Academic-Content-HE,mishnah-chapter,
Mishnah-New/Hebrew/Text/Seder Kodashim/Masechet Chullin/Masechet Chullin Perek 4.htm,Academic-Content-DWT.dwt,he,high,Academic-Content-HE,mishnah-chapter,
Mishnah-New/Hebrew/Text/Seder Kodashim/Masechet Chullin/Masechet Chullin Perek 5.htm,Academic-Content-DWT.dwt,he,high,Academic-Content-HE,mishnah-chapter,
Mishnah-New/Hebrew/Text/Seder Kodashim/Masechet Chullin/Masechet Chullin Perek 6.htm,Academic-Content-DWT.dwt,he,high,Academic-Content-HE,mishnah-chapter,
Mishnah-New/Hebrew/Text/Seder Kodashim/Masechet Chullin/Masechet Chullin Perek 7.htm,Academic-Content-DWT.dwt,he,high,Academic-Content-HE,mishnah-chapter,
Mishnah-New/Hebrew/Text/Seder Kodashim/Masechet Chullin/Masechet Chullin Perek 8.htm,Academic-Content-DWT.dwt,he,high,Academic-Content-HE,mishnah-chapter,
Mishnah-New/Hebrew/Text/Seder Kodashim/Masechet Chullin/Masechet Chullin Perek 9.htm,Academic-Content-DWT.dwt,he,high,Academic-Content-HE,mishnah-chapter,
Mishnah-New/Hebrew/Text/Seder Kodashim/Masechet Chullin/Pirkei Masechet Chullin.htm,Academic-Content-DWT.dwt,he,high,Academic-Content-HE,mishnah-tractate-index,
Mishnah-New/Hebrew/Text/Seder Kodashim/Masechet Kinnim/Masechet Kinnim Perek 1.htm,Academic-Content-DWT.dwt,he,high,Academic-Content-HE,mishnah-chapter,
Mishnah-New/Hebrew/Text/Seder Kodashim/Masechet Kinnim/Masechet Kinnim Perek 2.htm,Academic-Content-DWT.dwt,he,high,Academic-Content-HE,mishnah-chapter,
Mishnah-New/Hebrew/Text/Seder Kodashim/Masechet Kinnim/Masechet Kinnim Perek 3.htm,Academic-Content-DWT.dwt,he,high,Academic-Content-HE,mishnah-chapter,
Mishnah-New/Hebrew/Text/Seder Kodashim/Masechet Kinnim/Pirkei Masechet Kinnim.htm,Academic-Content-DWT.dwt,he,high,Academic-Content-HE,mishnah-tractate-index,
Mishnah-New/Hebrew/Text/Seder Kodashim/Masechet Kritot/Masechet Kritot Perek 1.htm,Academic-Content-DWT.dwt,he,high,Academic-Content-HE,mishnah-chapter,
Mishnah-New/Hebrew/Text/Seder Kodashim/Masechet Kritot/Masechet Kritot Perek 2.htm,Academic-Content-DWT.dwt,he,high,Academic-Content-HE,mishnah-chapter,
Mishnah-New/Hebrew/Text/Seder Kodashim/Masechet Kritot/Masechet Kritot Perek 3.htm,Academic-Content-DWT.dwt,he,high,Academic-Content-HE,mishnah-chapter,
Mishnah-New/Hebrew/Text/Seder Kodashim/Masechet Kritot/Masechet Kritot Perek 4.htm,Academic-Content-DWT.dwt,he,high,Academic-Content-HE,mishnah-chapter,
Mishnah-New/Hebrew/Text/Seder Kodashim/Masechet Kritot/Masechet Kritot Perek 5.htm,Academic-Content-DWT.dwt,he,high,Academic-Content-HE,mishnah-chapter,
Mishnah-New/Hebrew/Text/Seder Kodashim/Masechet Kritot/Masechet Kritot Perek 6.htm,Academic-Content-DWT.dwt,he,high,Academic-Content-HE,mishnah-chapter,
Mishnah-New/Hebrew/Text/Seder Kodashim/Masechet Kritot/Pirkei Masechet Kritot.htm,Academic-Content-DWT.dwt,he,high,Academic-Content-HE,mishnah-tractate-index,
Mishnah-New/Hebrew/Text/Seder Kodashim/Masechet Meilah/Masechet Meilah Perek 1.htm,Academic-Content-DWT.dwt,he,high,Academic-Content-HE,mishnah-chapter,
Mishnah-New/Hebrew/Text/Seder Kodashim/Masechet Meilah/Masechet Meilah Perek 2.htm,Academic-Content-DWT.dwt,he,high,Academic-Content-HE,mishnah-chapter,
Mishnah-New/Hebrew/Text/Seder Kodashim/Masechet Meilah/Masechet Meilah Perek 3.htm,Academic-Content-DWT.dwt,he,high,Academic-Content-HE,mishnah-chapter,
Mishnah-New/Hebrew/Text/Seder Kodashim/Masechet Meilah/Masechet Meilah Perek 4.htm,Academic-Content-DWT.dwt,he,high,Academic-Content-HE,mishnah-chapter,
Mishnah-New/Hebrew/Text/Seder Kodashim/Masechet Meilah/Masechet Meilah Perek 5.htm,Academic-Content-DWT.dwt,he,high,Academic-Content-HE,mishnah-chapter,
Mishnah-New/Hebrew/Text/Seder Kodashim/Masechet Meilah/Masechet Meilah Perek 6.htm,Academic-Content-DWT.dwt,he,high,Academic-Content-HE,mishnah-chapter,
Mishnah-New/Hebrew/Text/Seder Kodashim/Masechet Meilah/Pirkei Masechet Meilah.htm,Academic-Content-DWT.dwt,he,high,Academic-Content-HE,mishnah-tractate-index,
Mishnah-New/Hebrew/Text/Seder Kodashim/Masechet Menachot/Masechet Menachot Perek 1.htm,Academic-Content-DWT.dwt,he,high,Academic-Content-HE,mishnah-chapter,
Mishnah-New/Hebrew/Text/Seder Kodashim/Masechet Menachot/Masechet Menachot Perek 10.htm,Academic-Content-DWT.dwt,he,high,Academic-Content-HE,mishnah-chapter,
Mishnah-New/Hebrew/Text/Seder Kodashim/Masechet Menachot/Masechet Menachot Perek 11.htm,Academic-Content-DWT.dwt,he,high,Academic-Content-HE,mishnah-chapter,
Mishnah-New/Hebrew/Text/Seder Kodashim/Masechet Menachot/Masechet Menachot Perek 12.htm,Academic-Content-DWT.dwt,he,high,Academic-Content-HE,mishnah-chapter,
Mishnah-New/Hebrew/Text/Seder Kodashim/Masechet Menachot/Masechet Menachot Perek 13.htm,Academic-Content-DWT.dwt,he,high,Academic-Content-HE,mishnah-chapter,
Mishnah-New/Hebrew/Text/Seder Kodashim/Masechet Menachot/Masechet Menachot Perek 2.htm,Academic-Content-DWT.dwt,he,high,Academic-Content-HE,mishnah-chapter,
Mishnah-New/Hebrew/Text/Seder Kodashim/Masechet Menachot/Masechet Menachot Perek 3.htm,Academic-Content-DWT.dwt,he,high,Academic-Content-HE,mishnah-chapter,
Mishnah-New/Hebrew/Text/Seder Kodashim/Masechet Menachot/Masechet Menachot Perek 4.htm,Academic-Content-DWT.dwt,he,high,Academic-Content-HE,mishnah-chapter,
Mishnah-New/Hebrew/Text/Seder Kodashim/Masechet Menachot/Masechet Menachot Perek 5.htm,Academic-Content-DWT.dwt,he,high,Academic-Content-HE,mishnah-chapter,
Mishnah-New/Hebrew/Text/Seder Kodashim/Masechet Menachot/Masechet Menachot Perek 6.htm,Academic-Content-DWT.dwt,he,high,Academic-Content-HE,mishnah-chapter,
Mishnah-New/Hebrew/Text/Seder Kodashim/Masechet Menachot/Masechet Menachot Perek 7.htm,Academic-Content-DWT.dwt,he,high,Academic-Content-HE,mishnah-chapter,
Mishnah-New/Hebrew/Text/Seder Kodashim/Masechet Menachot/Masechet Menachot Perek 8.htm,Academic-Content-DWT.dwt,he,high,Academic-Content-HE,mishnah-chapter,
Mishnah-New/Hebrew/Text/Seder Kodashim/Masechet Menachot/Masechet Menachot Perek 9.htm,Academic-Content-DWT.dwt,he,high,Academic-Content-HE,mishnah-chapter,
Mishnah-New/Hebrew/Text/Seder Kodashim/Masechet Menachot/Pirkei Masechet Menachot.htm,Academic-Content-DWT.dwt,he,high,Academic-Content-HE,mishnah-tractate-index,
Mishnah-New/Hebrew/Text/Seder Kodashim/Masechet Midot/Masechet Midot Perek 1.htm,Academic-Content-DWT.dwt,he,high,Academic-Content-HE,mishnah-chapter,
Mishnah-New/Hebrew/Text/Seder Kodashim/Masechet Midot/Masechet Midot Perek 2.htm,Academic-Content-DWT.dwt,he,high,Academic-Content-HE,mishnah-chapter,
Mishnah-New/Hebrew/Text/Seder Kodashim/Masechet Midot/Masechet Midot Perek 3.htm,Academic-Content-DWT.dwt,he,high,Academic-Content-HE,mishnah-chapter,
Mishnah-New/Hebrew/Text/Seder Kodashim/Masechet Midot/Masechet Midot Perek 4.htm,Academic-Content-DWT.dwt,he,high,Academic-Content-HE,mishnah-chapter,
Mishnah-New/Hebrew/Text/Seder Kodashim/Masechet Midot/Masechet Midot Perek 5.htm,Academic-Content-DWT.dwt,he,high,Academic-Content-HE,mishnah-chapter,
Mishnah-New/Hebrew/Text/Seder Kodashim/Masechet Midot/Pirkei Masechet Midot.htm,Academic-Content-DWT.dwt,he,high,Academic-Content-HE,mishnah-tractate-index,
Mishnah-New/Hebrew/Text/Seder Kodashim/Masechet Tamid/Masechet Tamid Perek 1.htm,Academic-Content-DWT.dwt,he,high,Academic-Content-HE,mishnah-chapter,
Mishnah-New/Hebrew/Text/Seder Kodashim/Masechet Tamid/Masechet Tamid Perek 2.htm,Academic-Content-DWT.dwt,he,high,Academic-Content-HE,mishnah-chapter,
Mishnah-New/Hebrew/Text/Seder Kodashim/Masechet Tamid/Masechet Tamid Perek 3.htm,Academic-Content-DWT.dwt,he,high,Academic-Content-HE,mishnah-chapter,
Mishnah-New/Hebrew/Text/Seder Kodashim/Masechet Tamid/Masechet Tamid Perek 4.htm,Academic-Content-DWT.dwt,he,high,Academic-Content-HE,mishnah-chapter,
Mishnah-New/Hebrew/Text/Seder Kodashim/Masechet Tamid/Masechet Tamid Perek 5.htm,Academic-Content-DWT.dwt,he,high,Academic-Content-HE,mishnah-chapter,
Mishnah-New/Hebrew/Text/Seder Kodashim/Masechet Tamid/Masechet Tamid Perek 6.htm,Academic-Content-DWT.dwt,he,high,Academic-Content-HE,mishnah-chapter,
Mishnah-New/Hebrew/Text/Seder Kodashim/Masechet Tamid/Masechet Tamid Perek 7.htm,Academic-Content-DWT.dwt,he,high,Academic-Content-HE,mishnah-chapter,
Mishnah-New/Hebrew/Text/Seder Kodashim/Masechet Tamid/Pirkei Masechet Tamid.htm,Academic-Content-DWT.dwt,he,high,Academic-Content-HE,mishnah-tractate-index,
Mishnah-New/Hebrew/Text/Seder Kodashim/Masechet Temurah/Masechet Temurah Perek 1.htm,Academic-Content-DWT.dwt,he,high,Academic-Content-HE,mishnah-chapter,
Mishnah-New/Hebrew/Text/Seder Kodashim/Masechet Temurah/Masechet Temurah Perek 2.htm,Academic-Content-DWT.dwt,he,high,Academic-Content-HE,mishnah-chapter,
Mishnah-New/Hebrew/Text/Seder Kodashim/Masechet Temurah/Masechet Temurah Perek 3.htm,Academic-Content-DWT.dwt,he,high,Academic-Content-HE,mishnah-chapter,
Mishnah-New/Hebrew/Text/Seder Kodashim/Masechet Temurah/Masechet Temurah Perek 4.htm,Academic-Content-DWT.dwt,he,high,Academic-Content-HE,mishnah-chapter,
Mishnah-New/Hebrew/Text/Seder Kodashim/Masechet Temurah/Masechet Temurah Perek 5.htm,Academic-Content-DWT.dwt,he,high,Academic-Content-HE,mishnah-chapter,
Mishnah-New/Hebrew/Text/Seder Kodashim/Masechet Temurah/Masechet Temurah Perek 6.htm,Academic-Content-DWT.dwt,he,high,Academic-Content-HE,mishnah-chapter,
Mishnah-New/Hebrew/Text/Seder Kodashim/Masechet Temurah/Masechet Temurah Perek 7.htm,Academic-Content-DWT.dwt,he,high,Academic-Content-HE,mishnah-chapter,
Mishnah-New/Hebrew/Text/Seder Kodashim/Masechet Temurah/Pirkei Masechet Temurah.htm,Academic-Content-DWT.dwt,he,high,Academic-Content-HE,mishnah-tractate-index,
Mishnah-New/Hebrew/Text/Seder Kodashim/Masechet Zevachim/Masechet Zevachim Perek 1.html,Academic-Content-DWT.dwt,he,high,Academic-Content-HE,mishnah-chapter,
Mishnah-New/Hebrew/Text/Seder Kodashim/Masechet Zevachim/Masechet Zevachim Perek 10.html,Academic-Content-DWT.dwt,he,high,Academic-Content-HE,mishnah-chapter,
Mishnah-New/Hebrew/Text/Seder Kodashim/Masechet Zevachim/Masechet Zevachim Perek 11.html,Academic-Content-DWT.dwt,he,high,Academic-Content-HE,mishnah-chapter,
Mishnah-New/Hebrew/Text/Seder Kodashim/Masechet Zevachim/Masechet Zevachim Perek 12.html,Academic-Content-DWT.dwt,he,high,Academic-Content-HE,mishnah-chapter,
Mishnah-New/Hebrew/Text/Seder Kodashim/Masechet Zevachim/Masechet Zevachim Perek 13.html,Academic-Content-DWT.dwt,he,high,Academic-Content-HE,mishnah-chapter,
Mishnah-New/Hebrew/Text/Seder Kodashim/Masechet Zevachim/Masechet Zevachim Perek 14.html,Academic-Content-DWT.dwt,he,high,Academic-Content-HE,mishnah-chapter,
Mishnah-New/Hebrew/Text/Seder Kodashim/Masechet Zevachim/Masechet Zevachim Perek 2.html,Academic-Content-DWT.dwt,he,high,Academic-Content-HE,mishnah-chapter,
Mishnah-New/Hebrew/Text/Seder Kodashim/Masechet Zevachim/Masechet Zevachim Perek 3.html,Academic-Content-DWT.dwt,he,high,Academic-Content-HE,mishnah-chapter,
Mishnah-New/Hebrew/Text/Seder Kodashim/Masechet Zevachim/Masechet Zevachim Perek 4.html,Academic-Content-DWT.dwt,he,high,Academic-Content-HE,mishnah-chapter,
Mishnah-New/Hebrew/Text/Seder Kodashim/Masechet Zevachim/Masechet Zevachim Perek 5.html,Academic-Content-DWT.dwt,he,high,Academic-Content-HE,mishnah-chapter,
Mishnah-New/Hebrew/Text/Seder Kodashim/Masechet Zevachim/Masechet Zevachim Perek 6.html,Academic-Content-DWT.dwt,he,high,Academic-Content-HE,mishnah-chapter,
Mishnah-New/Hebrew/Text/Seder Kodashim/Masechet Zevachim/Masechet Zevachim Perek 7.html,Academic-Content-DWT.dwt,he,high,Academic-Content-HE,mishnah-chapter,
Mishnah-New/Hebrew/Text/Seder Kodashim/Masechet Zevachim/Masechet Zevachim Perek 8.html,Academic-Content-DWT.dwt,he,high,Academic-Content-HE,mishnah-chapter,
Mishnah-New/Hebrew/Text/Seder Kodashim/Masechet Zevachim/Masechet Zevachim Perek 9.html,Academic-Content-DWT.dwt,he,high,Academic-Content-HE,mishnah-chapter,
Mishnah-New/Hebrew/Text/Seder Kodashim/Masechet Zevachim/Pirkei Masechet Zevachim.html,Academic-Content-DWT.dwt,he,high,Academic-Content-HE,mishnah-tractate-index,
Mishnah-New/Hebrew/Text/Seder Kodashim/Masechtot Seder Kodashim.htm,Academic-Content-DWT.dwt,he,high,Academic-Content-HE,mishnah-text,
Mishnah-New/Hebrew/Text/Seder Kodashim/Seder Kodashim.html,Academic-Content-DWT.dwt,he,high,Academic-Content-HE,mishnah-text,
Mishnah-New/Hebrew/Text/Seder Moed/Maschet Shekalim/Masechet Shekalim Perek 1.htm,Academic-Content-DWT.dwt,he,high,Academic-Content-HE,mishnah-chapter,
Mishnah-New/Hebrew/Text/Seder Moed/Maschet Shekalim/Masechet Shekalim Perek 2.htm,Academic-Content-DWT.dwt,he,high,Academic-Content-HE,mishnah-chapter,
Mishnah-New/Hebrew/Text/Seder Moed/Maschet Shekalim/Masechet Shekalim Perek 3.htm,Academic-Content-DWT.dwt,he,high,Academic-Content-HE,mishnah-chapter,
Mishnah-New/Hebrew/Text/Seder Moed/Maschet Shekalim/Masechet Shekalim Perek 4.htm,Academic-Content-DWT.dwt,he,high,Academic-Content-HE,mishnah-chapter,
Mishnah-New/Hebrew/Text/Seder Moed/Maschet Shekalim/Masechet Shekalim Perek 5.htm,Academic-Content-DWT.dwt,he,high,Academic-Content-HE,mishnah-chapter,
Mishnah-New/Hebrew/Text/Seder Moed/Maschet Shekalim/Masechet Shekalim Perek 6.htm,Academic-Content-DWT.dwt,he,high,Academic-Content-HE,mishnah-chapter,
Mishnah-New/Hebrew/Text/Seder Moed/Maschet Shekalim/Masechet Shekalim Perek 7.htm,Academic-Content-DWT.dwt,he,high,Academic-Content-HE,mishnah-chapter,
Mishnah-New/Hebrew/Text/Seder Moed/Maschet Shekalim/Masechet Shekalim Perek 8.htm,Academic-Content-DWT.dwt,he,high,Academic-Content-HE,mishnah-chapter,
Mishnah-New/Hebrew/Text/Seder Moed/Maschet Shekalim/Pirkei Masechet Shekalim.htm,Academic-Content-DWT.dwt,he,high,Academic-Content-HE,mishnah-tractate-index,
Mishnah-New/Hebrew/Text/Seder Moed/Masechet Chagigah/Masechet Chagigah Perek 1.htm,Academic-Content-DWT.dwt,he,high,Academic-Content-HE,mishnah-chapter,
Mishnah-New/Hebrew/Text/Seder Moed/Masechet Chagigah/Masechet Chagigah Perek 2.htm,Academic-Content-DWT.dwt,he,high,Academic-Content-HE,mishnah-chapter,
Mishnah-New/Hebrew/Text/Seder Moed/Masechet Chagigah/Masechet Chagigah Perek 3.htm,Academic-Content-DWT.dwt,he,high,Academic-Content-HE,mishnah-chapter,
Mishnah-New/Hebrew/Text/Seder Moed/Masechet Chagigah/Pirkei Masechet Chagigah.htm,Academic-Content-DWT.dwt,he,high,Academic-Content-HE,mishnah-tractate-index,
Mishnah-New/Hebrew/Text/Seder Moed/Masechet Eruvin/Masechet Eruvin Perek 1.htm,Academic-Content-DWT.dwt,he,high,Academic-Content-HE,mishnah-chapter,
Mishnah-New/Hebrew/Text/Seder Moed/Masechet Eruvin/Masechet Eruvin Perek 10.htm,Academic-Content-DWT.dwt,he,high,Academic-Content-HE,mishnah-chapter,
Mishnah-New/Hebrew/Text/Seder Moed/Masechet Eruvin/Masechet Eruvin Perek 2.htm,Academic-Content-DWT.dwt,he,high,Academic-Content-HE,mishnah-chapter,
Mishnah-New/Hebrew/Text/Seder Moed/Masechet Eruvin/Masechet Eruvin Perek 3.htm,Academic-Content-DWT.dwt,he,high,Academic-Content-HE,mishnah-chapter,
Mishnah-New/Hebrew/Text/Seder Moed/Masechet Eruvin/Masechet Eruvin Perek 4.htm,Academic-Content-DWT.dwt,he,high,Academic-Content-HE,mishnah-chapter,
Mishnah-New/Hebrew/Text/Seder Moed/Masechet Eruvin/Masechet Eruvin Perek 5.htm,Academic-Content-DWT.dwt,he,high,Academic-Content-HE,mishnah-chapter,
Mishnah-New/Hebrew/Text/Seder Moed/Masechet Eruvin/Masechet Eruvin Perek 6.htm,Academic-Content-DWT.dwt,he,high,Academic-Content-HE,mishnah-chapter,
Mishnah-New/Hebrew/Text/Seder Moed/Masechet Eruvin/Masechet Eruvin Perek 7.htm,Academic-Content-DWT.dwt,he,high,Academic-Content-HE,mishnah-chapter,
Mishnah-New/Hebrew/Text/Seder Moed/Masechet Eruvin/Masechet Eruvin Perek 8.htm,Academic-Content-DWT.dwt,he,high,Academic-Content-HE,mishnah-chapter,
Mishnah-New/Hebrew/Text/Seder Moed/Masechet Eruvin/Masechet Eruvin Perek 9.htm,Academic-Content-DWT.dwt,he,high,Academic-Content-HE,mishnah-chapter,
Mishnah-New/Hebrew/Text/Seder Moed/Masechet Eruvin/Pirkei Masechet Eruvin.htm,Academic-Content-DWT.dwt,he,high,Academic-Content-HE,mishnah-tractate-index,
Mishnah-New/Hebrew/Text/Seder Moed/Masechet Megillah/Masechet Megillah Perek 1.htm,Academic-Content-DWT.dwt,he,high,Academic-Content-HE,mishnah-chapter,
Mishnah-New/Hebrew/Text/Seder Moed/Masechet Megillah/Masechet Megillah Perek 2.htm,Academic-Content-DWT.dwt,he,high,Academic-Content-HE,mishnah-chapter,
Mishnah-New/Hebrew/Text/Seder Moed/Masechet Megillah/Masechet Megillah Perek 3.htm,Academic-Content-DWT.dwt,he,high,Academic-Content-HE,mishnah-chapter,
Mishnah-New/Hebrew/Text/Seder Moed/Masechet Megillah/Masechet Megillah Perek 4.htm,Academic-Content-DWT.dwt,he,high,Academic-Content-HE,mishnah-chapter,
Mishnah-New/Hebrew/Text/Seder Moed/Masechet Megillah/Pirkei Masechet Megillah.htm,Academic-Content-DWT.dwt,he,high,Academic-Content-HE,mishnah-tractate-index,
Mishnah-New/Hebrew/Text/Seder Moed/Masechet Moed Katan/Masechet Moed Katan Perek 1.htm,Academic-Content-DWT.dwt,he,high,Academic-Content-HE,mishnah-chapter,
Mishnah-New/Hebrew/Text/Seder Moed/Masechet Moed Katan/Masechet Moed Katan Perek 2.htm,Academic-Content-DWT.dwt,he,high,Academic-Content-HE,mishnah-chapter,
Mishnah-New/Hebrew/Text/Seder Moed/Masechet Moed Katan/Masechet Moed Katan Perek 3.htm,Academic-Content-DWT.dwt,he,high,Academic-Content-HE,mishnah-chapter,
Mishnah-New/Hebrew/Text/Seder Moed/Masechet Moed Katan/Pirkei Masechet Moed katan.htm,Academic-Content-DWT.dwt,he,high,Academic-Content-HE,mishnah-tractate-index,
Mishnah-New/Hebrew/Text/Seder Moed/Masechet Pesachim/Masechet Pesachim Perek 1.htm,Academic-Content-DWT.dwt,he,high,Academic-Content-HE,mishnah-chapter,
Mishnah-New/Hebrew/Text/Seder Moed/Masechet Pesachim/Masechet Pesachim Perek 10.htm,Academic-Content-DWT.dwt,he,high,Academic-Content-HE,mishnah-chapter,
Mishnah-New/Hebrew/Text/Seder Moed/Masechet Pesachim/Masechet Pesachim Perek 2.htm,Academic-Content-DWT.dwt,he,high,Academic-Content-HE,mishnah-chapter,
Mishnah-New/Hebrew/Text/Seder Moed/Masechet Pesachim/Masechet Pesachim Perek 3.htm,Academic-Content-DWT.dwt,he,high,Academic-Content-HE,mishnah-chapter,
Mishnah-New/Hebrew/Text/Seder Moed/Masechet Pesachim/Masechet Pesachim Perek 4.htm,Academic-Content-DWT.dwt,he,high,Academic-Content-HE,mishnah-chapter,
Mishnah-New/Hebrew/Text/Seder Moed/Masechet Pesachim/Masechet Pesachim Perek 5.htm,Academic-Content-DWT.dwt,he,high,Academic-Content-HE,mishnah-chapter,
Mishnah-New/Hebrew/Text/Seder Moed/Masechet Pesachim/Masechet Pesachim Perek 6.htm,Academic-Content-DWT.dwt,he,high,Academic-Content-HE,mishnah-chapter,
Mishnah-New/Hebrew/Text/Seder Moed/Masechet Pesachim/Masechet Pesachim Perek 7.htm,Academic-Content-DWT.dwt,he,high,Academic-Content-HE,mishnah-chapter,
Mishnah-New/Hebrew/Text/Seder Moed/Masechet Pesachim/Masechet Pesachim Perek 8.htm,Academic-Content-DWT.dwt,he,high,Academic-Content-HE,mishnah-chapter,
Mishnah-New/Hebrew/Text/Seder Moed/Masechet Pesachim/Masechet Pesachim Perek 9.htm,Academic-Content-DWT.dwt,he,high,Academic-Content-HE,mishnah-chapter,
Mishnah-New/Hebrew/Text/Seder Moed/Masechet Pesachim/Pirkei Masechet Pesachim.htm,Academic-Content-DWT.dwt,he,high,Academic-Content-HE,mishnah-tractate-index,
Mishnah-New/Hebrew/Text/Seder Moed/Masechet Rosh Hashanah/Masechet Rosh Hashanah Perek 1.htm,Academic-Content-DWT.dwt,he,high,Academic-Content-HE,mishnah-chapter,
Mishnah-New/Hebrew/Text/Seder Moed/Masechet Rosh Hashanah/Masechet Rosh Hashanah Perek 2.htm,Academic-Content-DWT.dwt,he,high,Academic-Content-HE,mishnah-chapter,
Mishnah-New/Hebrew/Text/Seder Moed/Masechet Rosh Hashanah/Masechet Rosh Hashanah Perek 3.htm,Academic-Content-DWT.dwt,he,high,Academic-Content-HE,mishnah-chapter,
Mishnah-New/Hebrew/Text/Seder Moed/Masechet Rosh Hashanah/Masechet Rosh Hashanah Perek 4.htm,Academic-Content-DWT.dwt,he,high,Academic-Content-HE,mishnah-chapter,
Mishnah-New/Hebrew/Text/Seder Moed/Masechet Rosh Hashanah/Pirkei Masechet Rosh Hashanah.htm,Academic-Content-DWT.dwt,he,high,Academic-Content-HE,mishnah-tractate-index,
Mishnah-New/Hebrew/Text/Seder Moed/Masechet Shabbat/Masechet Shabbat Perek 1.htm,Academic-Content-DWT.dwt,he,high,Academic-Content-HE,mishnah-chapter,
Mishnah-New/Hebrew/Text/Seder Moed/Masechet Shabbat/Masechet Shabbat Perek 10.htm,Academic-Content-DWT.dwt,he,high,Academic-Content-HE,mishnah-chapter,
Mishnah-New/Hebrew/Text/Seder Moed/Masechet Shabbat/Masechet Shabbat Perek 11.htm,Academic-Content-DWT.dwt,he,high,Academic-Content-HE,mishnah-chapter,
Mishnah-New/Hebrew/Text/Seder Moed/Masechet Shabbat/Masechet Shabbat Perek 12.htm,Academic-Content-DWT.dwt,he,high,Academic-Content-HE,mishnah-chapter,
Mishnah-New/Hebrew/Text/Seder Moed/Masechet Shabbat/Masechet Shabbat Perek 13.htm,Academic-Content-DWT.dwt,he,high,Academic-Content-HE,mishnah-chapter,
Mishnah-New/Hebrew/Text/Seder Moed/Masechet Shabbat/Masechet Shabbat Perek 14.htm,Academic-Content-DWT.dwt,he,high,Academic-Content-HE,mishnah-chapter,
Mishnah-New/Hebrew/Text/Seder Moed/Masechet Shabbat/Masechet Shabbat Perek 15.htm,Academic-Content-DWT.dwt,he,high,Academic-Content-HE,mishnah-chapter,
Mishnah-New/Hebrew/Text/Seder Moed/Masechet Shabbat/Masechet Shabbat Perek 16.htm,Academic-Content-DWT.dwt,he,high,Academic-Content-HE,mishnah-chapter,
Mishnah-New/Hebrew/Text/Seder Moed/Masechet Shabbat/Masechet Shabbat Perek 17.htm,Academic-Content-DWT.dwt,he,high,Academic-Content-HE,mishnah-chapter,
Mishnah-New/Hebrew/Text/Seder Moed/Masechet Shabbat/Masechet Shabbat Perek 18.htm,Academic-Content-DWT.dwt,he,high,Academic-Content-HE,mishnah-chapter,
Mishnah-New/Hebrew/Text/Seder Moed/Masechet Shabbat/Masechet Shabbat Perek 19.htm,Academic-Content-DWT.dwt,he,high,Academic-Content-HE,mishnah-chapter,
Mishnah-New/Hebrew/Text/Seder Moed/Masechet Shabbat/Masechet Shabbat Perek 2.htm,Academic-Content-DWT.dwt,he,high,Academic-Content-HE,mishnah-chapter,
Mishnah-New/Hebrew/Text/Seder Moed/Masechet Shabbat/Masechet Shabbat Perek 20.htm,Academic-Content-DWT.dwt,he,high,Academic-Content-HE,mishnah-chapter,
Mishnah-New/Hebrew/Text/Seder Moed/Masechet Shabbat/Masechet Shabbat Perek 21.htm,Academic-Content-DWT.dwt,he,high,Academic-Content-HE,mishnah-chapter,
Mishnah-New/Hebrew/Text/Seder Moed/Masechet Shabbat/Masechet Shabbat Perek 22.htm,Academic-Content-DWT.dwt,he,high,Academic-Content-HE,mishnah-chapter,
Mishnah-New/Hebrew/Text/Seder Moed/Masechet Shabbat/Masechet Shabbat Perek 23.htm,Academic-Content-DWT.dwt,he,high,Academic-Content-HE,mishnah-chapter,
Mishnah-New/Hebrew/Text/Seder Moed/Masechet Shabbat/Masechet Shabbat Perek 24.htm,Academic-Content-DWT.dwt,he,high,Academic-Content-HE,mishnah-chapter,
Mishnah-New/Hebrew/Text/Seder Moed/Masechet Shabbat/Masechet Shabbat Perek 3.htm,Academic-Content-DWT.dwt,he,high,Academic-Content-HE,mishnah-chapter,
Mishnah-New/Hebrew/Text/Seder Moed/Masechet Shabbat/Masechet Shabbat Perek 4.htm,Academic-Content-DWT.dwt,he,high,Academic-Content-HE,mishnah-chapter,
Mishnah-New/Hebrew/Text/Seder Moed/Masechet Shabbat/Masechet Shabbat Perek 5.htm,Academic-Content-DWT.dwt,he,high,Academic-Content-HE,mishnah-chapter,
Mishnah-New/Hebrew/Text/Seder Moed/Masechet Shabbat/Masechet Shabbat Perek 6.htm,Academic-Content-DWT.dwt,he,high,Academic-Content-HE,mishnah-chapter,
Mishnah-New/Hebrew/Text/Seder Moed/Masechet Shabbat/Masechet Shabbat Perek 7.htm,Academic-Content-DWT.dwt,he,high,Academic-Content-HE,mishnah-chapter,
Mishnah-New/Hebrew/Text/Seder Moed/Masechet Shabbat/Masechet Shabbat Perek 8.htm,Academic-Content-DWT.dwt,he,high,Academic-Content-HE,mishnah-chapter,
Mishnah-New/Hebrew/Text/Seder Moed/Masechet Shabbat/Masechet Shabbat Perek 9.htm,Academic-Content-DWT.dwt,he,high,Academic-Content-HE,mishnah-chapter,
Mishnah-New/Hebrew/Text/Seder Moed/Masechet Shabbat/Pirkei Masechet Shabbat.htm,Academic-Content-DWT.dwt,he,high,Academic-Content-HE,mishnah-tractate-index,
Mishnah-New/Hebrew/Text/Seder Moed/Masechet Sukkah/Masechet Sukkah Perek 1.htm,Academic-Content-DWT.dwt,he,high,Academic-Content-HE,mishnah-chapter,
Mishnah-New/Hebrew/Text/Seder Moed/Masechet Sukkah/Masechet Sukkah Perek 2.htm,Academic-Content-DWT.dwt,he,high,Academic-Content-HE,mishnah-chapter,
Mishnah-New/Hebrew/Text/Seder Moed/Masechet Sukkah/Masechet Sukkah Perek 3.htm,Academic-Content-DWT.dwt,he,high,Academic-Content-HE,mishnah-chapter,
Mishnah-New/Hebrew/Text/Seder Moed/Masechet Sukkah/Masechet Sukkah Perek 4.htm,Academic-Content-DWT.dwt,he,high,Academic-Content-HE,mishnah-chapter,
Mishnah-New/Hebrew/Text/Seder Moed/Masechet Sukkah/Masechet Sukkah Perek 5.htm,Academic-Content-DWT.dwt,he,high,Academic-Content-HE,mishnah-chapter,
Mishnah-New/Hebrew/Text/Seder Moed/Masechet Sukkah/Pirkei Masechet Sukkah.htm,Academic-Content-DWT.dwt,he,high,Academic-Content-HE,mishnah-tractate-index,
Mishnah-New/Hebrew/Text/Seder Moed/Masechet Taanit/Masechet Taanit Perek 1.htm,Academic-Content-DWT.dwt,he,high,Academic-Content-HE,mishnah-chapter,
Mishnah-New/Hebrew/Text/Seder Moed/Masechet Taanit/Masechet Taanit Perek 2.htm,Academic-Content-DWT.dwt,he,high,Academic-Content-HE,mishnah-chapter,
Mishnah-New/Hebrew/Text/Seder Moed/Masechet Taanit/Masechet Taanit Perek 3.htm,Academic-Content-DWT.dwt,he,high,Academic-Content-HE,mishnah-chapter,
Mishnah-New/Hebrew/Text/Seder Moed/Masechet Taanit/Masechet Taanit Perek 4.htm,Academic-Content-DWT.dwt,he,high,Academic-Content-HE,mishnah-chapter,
Mishnah-New/Hebrew/Text/Seder Moed/Masechet Taanit/Pirkei Masechet Taanit.htm,Academic-Content-DWT.dwt,he,high,Academic-Content-HE,mishnah-tractate-index,
Mishnah-New/Hebrew/Text/Seder Moed/Masechet Yom Tov (Betzah)/Masechet Yom Tov (Betzeh) Perek 1.htm,Academic-Content-DWT.dwt,he,high,Academic-Content-HE,mishnah-chapter,
Mishnah-New/Hebrew/Text/Seder Moed/Masechet Yom Tov (Betzah)/Masechet Yom Tov (Betzeh) Perek 2.htm,Academic-Content-DWT.dwt,he,high,Academic-Content-HE,mishnah-chapter,
Mishnah-New/Hebrew/Text/Seder Moed/Masechet Yom Tov (Betzah)/Masechet Yom Tov (Betzeh) Perek 3.htm,Academic-Content-DWT.dwt,he,high,Academic-Content-HE,mishnah-chapter,
Mishnah-New/Hebrew/Text/Seder Moed/Masechet Yom Tov (Betzah)/Masechet Yom Tov (Betzeh) Perek 4.htm,Academic-Content-DWT.dwt,he,high,Academic-Content-HE,mishnah-chapter,
Mishnah-New/Hebrew/Text/Seder Moed/Masechet Yom Tov (Betzah)/Masechet Yom Tov (Betzeh) Perek 5.htm,Academic-Content-DWT.dwt,he,high,Academic-Content-HE,mishnah-chapter,
Mishnah-New/Hebrew/Text/Seder Moed/Masechet Yom Tov (Betzah)/Pirkei Masechet Yom Tov (Betzeh).htm,Academic-Content-DWT.dwt,he,high,Academic-Content-HE,mishnah-tractate-index,
Mishnah-New/Hebrew/Text/Seder Moed/Masechet Yoma/Masechet Seder Hayom.htm,Academic-Content-DWT.dwt,he,high,Academic-Content-HE,mishnah-text,
Mishnah-New/Hebrew/Text/Seder Moed/Masechet Yoma/Masechet Yoma Perek 1.htm,Academic-Content-DWT.dwt,he,high,Academic-Content-HE,mishnah-chapter,
Mishnah-New/Hebrew/Text/Seder Moed/Masechet Yoma/Masechet Yoma Perek 2.htm,Academic-Content-DWT.dwt,he,high,Academic-Content-HE,mishnah-chapter,
Mishnah-New/Hebrew/Text/Seder Moed/Masechet Yoma/Masechet Yoma Perek 3.htm,Academic-Content-DWT.dwt,he,high,Academic-Content-HE,mishnah-chapter,
Mishnah-New/Hebrew/Text/Seder Moed/Masechet Yoma/Masechet Yoma Perek 4.htm,Academic-Content-DWT.dwt,he,high,Academic-Content-HE,mishnah-chapter,
Mishnah-New/Hebrew/Text/Seder Moed/Masechet Yoma/Masechet Yoma Perek 5.htm,Academic-Content-DWT.dwt,he,high,Academic-Content-HE,mishnah-chapter,
Mishnah-New/Hebrew/Text/Seder Moed/Masechet Yoma/Masechet Yoma Perek 6.htm,Academic-Content-DWT.dwt,he,high,Academic-Content-HE,mishnah-chapter,
Mishnah-New/Hebrew/Text/Seder Moed/Masechet Yoma/Masechet Yoma Perek 7.htm,Academic-Content-DWT.dwt,he,high,Academic-Content-HE,mishnah-chapter,
Mishnah-New/Hebrew/Text/Seder Moed/Masechet Yoma/Masechet Yoma Perek 8.htm,Academic-Content-DWT.dwt,he,high,Academic-Content-HE,mishnah-chapter,
Mishnah-New/Hebrew/Text/Seder Moed/Masechet Yoma/Pirkei Masechet Yoma.htm,Academic-Content-DWT.dwt,he,high,Academic-Content-HE,mishnah-tractate-index,
Mishnah-New/Hebrew/Text/Seder Moed/Masechtot Seder Moed.htm,Academic-Content-DWT.dwt,he,high,Academic-Content-HE,mishnah-text,
Mishnah-New/Hebrew/Text/Seder Moed/Seder Moed.html,Academic-Content-DWT.dwt,he,high,Academic-Content-HE,mishnah-text,
Mishnah-New/Hebrew/Text/Seder Nashim/Masechet Gittin/Masechet Gittin Perek 1.htm,Academic-Content-DWT.dwt,he,high,Academic-Content-HE,mishnah-chapter,
Mishnah-New/Hebrew/Text/Seder Nashim/Masechet Gittin/Masechet Gittin Perek 2.htm,Academic-Content-DWT.dwt,he,high,Academic-Content-HE,mishnah-chapter,
Mishnah-New/Hebrew/Text/Seder Nashim/Masechet Gittin/Masechet Gittin Perek 3.htm,Academic-Content-DWT.dwt,he,high,Academic-Content-HE,mishnah-chapter,
Mishnah-New/Hebrew/Text/Seder Nashim/Masechet Gittin/Masechet Gittin Perek 4.htm,Academic-Content-DWT.dwt,he,high,Academic-Content-HE,mishnah-chapter,
Mishnah-New/Hebrew/Text/Seder Nashim/Masechet Gittin/Masechet Gittin Perek 5.htm,Academic-Content-DWT.dwt,he,high,Academic-Content-HE,mishnah-chapter,
Mishnah-New/Hebrew/Text/Seder Nashim/Masechet Gittin/Masechet Gittin Perek 6.htm,Academic-Content-DWT.dwt,he,high,Academic-Content-HE,mishnah-chapter,
Mishnah-New/Hebrew/Text/Seder Nashim/Masechet Gittin/Masechet Gittin Perek 7.htm,Academic-Content-DWT.dwt,he,high,Academic-Content-HE,mishnah-chapter,
Mishnah-New/Hebrew/Text/Seder Nashim/Masechet Gittin/Masechet Gittin Perek 8.htm,Academic-Content-DWT.dwt,he,high,Academic-Content-HE,mishnah-chapter,
Mishnah-New/Hebrew/Text/Seder Nashim/Masechet Gittin/Masechet Gittin Perek 9.htm,Academic-Content-DWT.dwt,he,high,Academic-Content-HE,mishnah-chapter,
Mishnah-New/Hebrew/Text/Seder Nashim/Masechet Gittin/Pirkei Masechet Gittin.htm,Academic-Content-DWT.dwt,he,high,Academic-Content-HE,mishnah-tractate-index,
Mishnah-New/Hebrew/Text/Seder Nashim/Masechet Ketubot/Masechet Ketubot Perek 1.htm,Academic-Content-DWT.dwt,he,high,Academic-Content-HE,mishnah-chapter,
Mishnah-New/Hebrew/Text/Seder Nashim/Masechet Ketubot/Masechet Ketubot Perek 10.htm,Academic-Content-DWT.dwt,he,high,Academic-Content-HE,mishnah-chapter,
Mishnah-New/Hebrew/Text/Seder Nashim/Masechet Ketubot/Masechet Ketubot Perek 11.htm,Academic-Content-DWT.dwt,he,high,Academic-Content-HE,mishnah-chapter,
Mishnah-New/Hebrew/Text/Seder Nashim/Masechet Ketubot/Masechet Ketubot Perek 12.htm,Academic-Content-DWT.dwt,he,high,Academic-Content-HE,mishnah-chapter,
Mishnah-New/Hebrew/Text/Seder Nashim/Masechet Ketubot/Masechet Ketubot Perek 13.htm,Academic-Content-DWT.dwt,he,high,Academic-Content-HE,mishnah-chapter,
Mishnah-New/Hebrew/Text/Seder Nashim/Masechet Ketubot/Masechet Ketubot Perek 14.htm,Academic-Content-DWT.dwt,he,high,Academic-Content-HE,mishnah-chapter,
Mishnah-New/Hebrew/Text/Seder Nashim/Masechet Ketubot/Masechet Ketubot Perek 2.htm,Academic-Content-DWT.dwt,he,high,Academic-Content-HE,mishnah-chapter,
Mishnah-New/Hebrew/Text/Seder Nashim/Masechet Ketubot/Masechet Ketubot Perek 3.htm,Academic-Content-DWT.dwt,he,high,Academic-Content-HE,mishnah-chapter,
Mishnah-New/Hebrew/Text/Seder Nashim/Masechet Ketubot/Masechet Ketubot Perek 4.htm,Academic-Content-DWT.dwt,he,high,Academic-Content-HE,mishnah-chapter,
Mishnah-New/Hebrew/Text/Seder Nashim/Masechet Ketubot/Masechet Ketubot Perek 5.htm,Academic-Content-DWT.dwt,he,high,Academic-Content-HE,mishnah-chapter,
Mishnah-New/Hebrew/Text/Seder Nashim/Masechet Ketubot/Masechet Ketubot Perek 6.htm,Academic-Content-DWT.dwt,he,high,Academic-Content-HE,mishnah-chapter,
Mishnah-New/Hebrew/Text/Seder Nashim/Masechet Ketubot/Masechet Ketubot Perek 7.htm,Academic-Content-DWT.dwt,he,high,Academic-Content-HE,mishnah-chapter,
Mishnah-New/Hebrew/Text/Seder Nashim/Masechet Ketubot/Masechet Ketubot Perek 8.htm,Academic-Content-DWT.dwt,he,high,Academic-Content-HE,mishnah-chapter,
Mishnah-New/Hebrew/Text/Seder Nashim/Masechet Ketubot/Masechet Ketubot Perek 9.htm,Academic-Content-DWT.dwt,he,high,Academic-Content-HE,mishnah-chapter,
Mishnah-New/Hebrew/Text/Seder Nashim/Masechet Ketubot/Pirkei Masechet Ketubot.htm,Academic-Content-DWT.dwt,he,high,Academic-Content-HE,mishnah-tractate-index,
Mishnah-New/Hebrew/Text/Seder Nashim/Masechet Kiddushin/Masechet Kiddushin Perek 1.htm,Academic-Content-DWT.dwt,he,high,Academic-Content-HE,mishnah-chapter,
Mishnah-New/Hebrew/Text/Seder Nashim/Masechet Kiddushin/Masechet Kiddushin Perek 2.htm,Academic-Content-DWT.dwt,he,high,Academic-Content-HE,mishnah-chapter,
Mishnah-New/Hebrew/Text/Seder Nashim/Masechet Kiddushin/Masechet Kiddushin Perek 3.htm,Academic-Content-DWT.dwt,he,high,Academic-Content-HE,mishnah-chapter,
Mishnah-New/Hebrew/Text/Seder Nashim/Masechet Kiddushin/Masechet Kiddushin Perek 4.htm,Academic-Content-DWT.dwt,he,high,Academic-Content-HE,mishnah-chapter,
Mishnah-New/Hebrew/Text/Seder Nashim/Masechet Kiddushin/Pirkei Masechet Kiddushin.htm,Academic-Content-DWT.dwt,he,high,Academic-Content-HE,mishnah-tractate-index,
Mishnah-New/Hebrew/Text/Seder Nashim/Masechet Nazir/Masechet Nazir Perek 1.htm,Academic-Content-DWT.dwt,he,high,Academic-Content-HE,mishnah-chapter,
Mishnah-New/Hebrew/Text/Seder Nashim/Masechet Nazir/Masechet Nazir Perek 2.htm,Academic-Content-DWT.dwt,he,high,Academic-Content-HE,mishnah-chapter,
Mishnah-New/Hebrew/Text/Seder Nashim/Masechet Nazir/Masechet Nazir Perek 3.htm,Academic-Content-DWT.dwt,he,high,Academic-Content-HE,mishnah-chapter,
Mishnah-New/Hebrew/Text/Seder Nashim/Masechet Nazir/Masechet Nazir Perek 4.htm,Academic-Content-DWT.dwt,he,high,Academic-Content-HE,mishnah-chapter,
Mishnah-New/Hebrew/Text/Seder Nashim/Masechet Nazir/Masechet Nazir Perek 5.htm,Academic-Content-DWT.dwt,he,high,Academic-Content-HE,mishnah-chapter,
Mishnah-New/Hebrew/Text/Seder Nashim/Masechet Nazir/Masechet Nazir Perek 6.htm,Academic-Content-DWT.dwt,he,high,Academic-Content-HE,mishnah-chapter,
Mishnah-New/Hebrew/Text/Seder Nashim/Masechet Nazir/Masechet Nazir Perek 7.htm,Academic-Content-DWT.dwt,he,high,Academic-Content-HE,mishnah-chapter,
Mishnah-New/Hebrew/Text/Seder Nashim/Masechet Nazir/Masechet Nazir Perek 8.htm,Academic-Content-DWT.dwt,he,high,Academic-Content-HE,mishnah-chapter,
Mishnah-New/Hebrew/Text/Seder Nashim/Masechet Nazir/Masechet Nazir Perek 9.htm,Academic-Content-DWT.dwt,he,high,Academic-Content-HE,mishnah-chapter,
Mishnah-New/Hebrew/Text/Seder Nashim/Masechet Nazir/Pirkei Masechet Nazir.htm,Academic-Content-DWT.dwt,he,high,Academic-Content-HE,mishnah-tractate-index,
Mishnah-New/Hebrew/Text/Seder Nashim/Masechet Nedarim/Masechet Nedarim Perek 1.html,Academic-Content-DWT.dwt,he,high,Academic-Content-HE,mishnah-chapter,
Mishnah-New/Hebrew/Text/Seder Nashim/Masechet Nedarim/Masechet Nedarim Perek 10.htm,Academic-Content-DWT.dwt,he,high,Academic-Content-HE,mishnah-chapter,
Mishnah-New/Hebrew/Text/Seder Nashim/Masechet Nedarim/Masechet Nedarim Perek 11.htm,Academic-Content-DWT.dwt,he,high,Academic-Content-HE,mishnah-chapter,
Mishnah-New/Hebrew/Text/Seder Nashim/Masechet Nedarim/Masechet Nedarim Perek 2.htm,Academic-Content-DWT.dwt,he,high,Academic-Content-HE,mishnah-chapter,
Mishnah-New/Hebrew/Text/Seder Nashim/Masechet Nedarim/Masechet Nedarim Perek 3.htm,Academic-Content-DWT.dwt,he,high,Academic-Content-HE,mishnah-chapter,
Mishnah-New/Hebrew/Text/Seder Nashim/Masechet Nedarim/Masechet Nedarim Perek 4.htm,Academic-Content-DWT.dwt,he,high,Academic-Content-HE,mishnah-chapter,
Mishnah-New/Hebrew/Text/Seder Nashim/Masechet Nedarim/Masechet Nedarim Perek 5.htm,Academic-Content-DWT.dwt,he,high,Academic-Content-HE,mishnah-chapter,
Mishnah-New/Hebrew/Text/Seder Nashim/Masechet Nedarim/Masechet Nedarim Perek 6.htm,Academic-Content-DWT.dwt,he,high,Academic-Content-HE,mishnah-chapter,
Mishnah-New/Hebrew/Text/Seder Nashim/Masechet Nedarim/Masechet Nedarim Perek 7.htm,Academic-Content-DWT.dwt,he,high,Academic-Content-HE,mishnah-chapter,
Mishnah-New/Hebrew/Text/Seder Nashim/Masechet Nedarim/Masechet Nedarim Perek 8.htm,Academic-Content-DWT.dwt,he,high,Academic-Content-HE,mishnah-chapter,
Mishnah-New/Hebrew/Text/Seder Nashim/Masechet Nedarim/Masechet Nedarim Perek 9.htm,Academic-Content-DWT.dwt,he,high,Academic-Content-HE,mishnah-chapter,
Mishnah-New/Hebrew/Text/Seder Nashim/Masechet Nedarim/Pirkei Masechet Nedarim.htm,Academic-Content-DWT.dwt,he,high,Academic-Content-HE,mishnah-tractate-index,
Mishnah-New/Hebrew/Text/Seder Nashim/Masechet Sotah/Masechet Sotah Perek 1.htm,Academic-Content-DWT.dwt,he,high,Academic-Content-HE,mishnah-chapter,
Mishnah-New/Hebrew/Text/Seder Nashim/Masechet Sotah/Masechet Sotah Perek 2.htm,Academic-Content-DWT.dwt,he,high,Academic-Content-HE,mishnah-chapter,
Mishnah-New/Hebrew/Text/Seder Nashim/Masechet Sotah/Masechet Sotah Perek 3.htm,Academic-Content-DWT.dwt,he,high,Academic-Content-HE,mishnah-chapter,
Mishnah-New/Hebrew/Text/Seder Nashim/Masechet Sotah/Masechet Sotah Perek 4.htm,Academic-Content-DWT.dwt,he,high,Academic-Content-HE,mishnah-chapter,
Mishnah-New/Hebrew/Text/Seder Nashim/Masechet Sotah/Masechet Sotah Perek 5.htm,Academic-Content-DWT.dwt,he,high,Academic-Content-HE,mishnah-chapter,
Mishnah-New/Hebrew/Text/Seder Nashim/Masechet Sotah/Masechet Sotah Perek 6.htm,Academic-Content-DWT.dwt,he,high,Academic-Content-HE,mishnah-chapter,
Mishnah-New/Hebrew/Text/Seder Nashim/Masechet Sotah/Masechet Sotah Perek 7.htm,Academic-Content-DWT.dwt,he,high,Academic-Content-HE,mishnah-chapter,
Mishnah-New/Hebrew/Text/Seder Nashim/Masechet Sotah/Masechet Sotah Perek 8.htm,Academic-Content-DWT.dwt,he,high,Academic-Content-HE,mishnah-chapter,
Mishnah-New/Hebrew/Text/Seder Nashim/Masechet Sotah/Masechet Sotah Perek 9 A.htm,Academic-Content-DWT.dwt,he,high,Academic-Content-HE,mishnah-chapter,
Mishnah-New/Hebrew/Text/Seder Nashim/Masechet Sotah/Masechet Sotah Perek 9 B.htm,Academic-Content-DWT.dwt,he,high,Academic-Content-HE,mishnah-chapter,
Mishnah-New/Hebrew/Text/Seder Nashim/Masechet Sotah/Pirkei Masechet Sotah.htm,Academic-Content-DWT.dwt,he,high,Academic-Content-HE,mishnah-tractate-index,
Mishnah-New/Hebrew/Text/Seder Nashim/Masechet Yevamot/Masechet Yevamot Perek 1.htm,Academic-Content-DWT.dwt,he,high,Academic-Content-HE,mishnah-chapter,
Mishnah-New/Hebrew/Text/Seder Nashim/Masechet Yevamot/Masechet Yevamot Perek 10.htm,Academic-Content-DWT.dwt,he,high,Academic-Content-HE,mishnah-chapter,
Mishnah-New/Hebrew/Text/Seder Nashim/Masechet Yevamot/Masechet Yevamot Perek 11.htm,Academic-Content-DWT.dwt,he,high,Academic-Content-HE,mishnah-chapter,
Mishnah-New/Hebrew/Text/Seder Nashim/Masechet Yevamot/Masechet Yevamot Perek 12.htm,Academic-Content-DWT.dwt,he,high,Academic-Content-HE,mishnah-chapter,
Mishnah-New/Hebrew/Text/Seder Nashim/Masechet Yevamot/Masechet Yevamot Perek 13.htm,Academic-Content-DWT.dwt,he,high,Academic-Content-HE,mishnah-chapter,
Mishnah-New/Hebrew/Text/Seder Nashim/Masechet Yevamot/Masechet Yevamot Perek 14.htm,Academic-Content-DWT.dwt,he,high,Academic-Content-HE,mishnah-chapter,
Mishnah-New/Hebrew/Text/Seder Nashim/Masechet Yevamot/Masechet Yevamot Perek 15.htm,Academic-Content-DWT.dwt,he,high,Academic-Content-HE,mishnah-chapter,
Mishnah-New/Hebrew/Text/Seder Nashim/Masechet Yevamot/Masechet Yevamot Perek 16.htm,Academic-Content-DWT.dwt,he,high,Academic-Content-HE,mishnah-chapter,
Mishnah-New/Hebrew/Text/Seder Nashim/Masechet Yevamot/Masechet Yevamot Perek 2.htm,Academic-Content-DWT.dwt,he,high,Academic-Content-HE,mishnah-chapter,
Mishnah-New/Hebrew/Text/Seder Nashim/Masechet Yevamot/Masechet Yevamot Perek 3.htm,Academic-Content-DWT.dwt,he,high,Academic-Content-HE,mishnah-chapter,
Mishnah-New/Hebrew/Text/Seder Nashim/Masechet Yevamot/Masechet Yevamot Perek 4.htm,Academic-Content-DWT.dwt,he,high,Academic-Content-HE,mishnah-chapter,
Mishnah-New/Hebrew/Text/Seder Nashim/Masechet Yevamot/Masechet Yevamot Perek 5.htm,Academic-Content-DWT.dwt,he,high,Academic-Content-HE,mishnah-chapter,
Mishnah-New/Hebrew/Text/Seder Nashim/Masechet Yevamot/Masechet Yevamot Perek 6.htm,Academic-Content-DWT.dwt,he,high,Academic-Content-HE,mishnah-chapter,
Mishnah-New/Hebrew/Text/Seder Nashim/Masechet Yevamot/Masechet Yevamot Perek 7.htm,Academic-Content-DWT.dwt,he,high,Academic-Content-HE,mishnah-chapter,
Mishnah-New/Hebrew/Text/Seder Nashim/Masechet Yevamot/Masechet Yevamot Perek 8.htm,Academic-Content-DWT.dwt,he,high,Academic-Content-HE,mishnah-chapter,
Mishnah-New/Hebrew/Text/Seder Nashim/Masechet Yevamot/Masechet Yevamot Perek 9.htm,Academic-Content-DWT.dwt,he,high,Academic-Content-HE,mishnah-chapter,
Mishnah-New/Hebrew/Text/Seder Nashim/Masechet Yevamot/Pirkei Masechet Yevamot.htm,Academic-Content-DWT.dwt,he,high,Academic-Content-HE,mishnah-tractate-index,
Mishnah-New/Hebrew/Text/Seder Nashim/Masechtot Seder Nashim.htm,Academic-Content-DWT.dwt,he,high,Academic-Content-HE,mishnah-text,
Mishnah-New/Hebrew/Text/Seder Nashim/Seder Nashim.html,Academic-Content-DWT.dwt,he,high,Academic-Content-HE,mishnah-text,
Mishnah-New/Hebrew/Text/Seder Nezikin/Baba Metzia/Baba Metzia Perek 1.htm,Academic-Content-DWT.dwt,he,high,Academic-Content-HE,mishnah-chapter,
Mishnah-New/Hebrew/Text/Seder Nezikin/Baba Metzia/Baba Metzia Perek 10.htm,Academic-Content-DWT.dwt,he,high,Academic-Content-HE,mishnah-chapter,
Mishnah-New/Hebrew/Text/Seder Nezikin/Baba Metzia/Baba Metzia Perek 2.htm,Academic-Content-DWT.dwt,he,high,Academic-Content-HE,mishnah-chapter,
Mishnah-New/Hebrew/Text/Seder Nezikin/Baba Metzia/Baba Metzia Perek 3.htm,Academic-Content-DWT.dwt,he,high,Academic-Content-HE,mishnah-chapter,
Mishnah-New/Hebrew/Text/Seder Nezikin/Baba Metzia/Baba Metzia Perek 4.htm,Academic-Content-DWT.dwt,he,high,Academic-Content-HE,mishnah-chapter,
Mishnah-New/Hebrew/Text/Seder Nezikin/Baba Metzia/Baba Metzia Perek 5.htm,Academic-Content-DWT.dwt,he,high,Academic-Content-HE,mishnah-chapter,
Mishnah-New/Hebrew/Text/Seder Nezikin/Baba Metzia/Baba Metzia Perek 6.htm,Academic-Content-DWT.dwt,he,high,Academic-Content-HE,mishnah-chapter,
Mishnah-New/Hebrew/Text/Seder Nezikin/Baba Metzia/Baba Metzia Perek 7.htm,Academic-Content-DWT.dwt,he,high,Academic-Content-HE,mishnah-chapter,
Mishnah-New/Hebrew/Text/Seder Nezikin/Baba Metzia/Baba Metzia Perek 8.htm,Academic-Content-DWT.dwt,he,high,Academic-Content-HE,mishnah-chapter,
Mishnah-New/Hebrew/Text/Seder Nezikin/Baba Metzia/Baba Metzia Perek 9.htm,Academic-Content-DWT.dwt,he,high,Academic-Content-HE,mishnah-chapter,
Mishnah-New/Hebrew/Text/Seder Nezikin/Baba Metzia/Pirkei Baba Metzia.htm,Academic-Content-DWT.dwt,he,high,Academic-Content-HE,mishnah-tractate-index,
Mishnah-New/Hebrew/Text/Seder Nezikin/Masechet Avodah Zarah/Masechet Avodah Zarah Perek 1 .htm,Academic-Content-DWT.dwt,he,high,Academic-Content-HE,mishnah-chapter,
Mishnah-New/Hebrew/Text/Seder Nezikin/Masechet Avodah Zarah/Masechet Avodah Zarah Perek 2 .htm,Academic-Content-DWT.dwt,he,high,Academic-Content-HE,mishnah-chapter,
Mishnah-New/Hebrew/Text/Seder Nezikin/Masechet Avodah Zarah/Masechet Avodah Zarah Perek 3.htm,Academic-Content-DWT.dwt,he,high,Academic-Content-HE,mishnah-chapter,
Mishnah-New/Hebrew/Text/Seder Nezikin/Masechet Avodah Zarah/Masechet Avodah Zarah Perek 4.htm,Academic-Content-DWT.dwt,he,high,Academic-Content-HE,mishnah-chapter,
Mishnah-New/Hebrew/Text/Seder Nezikin/Masechet Avodah Zarah/Masechet Avodah Zarah Perek 5.htm,Academic-Content-DWT.dwt,he,high,Academic-Content-HE,mishnah-chapter,
Mishnah-New/Hebrew/Text/Seder Nezikin/Masechet Avodah Zarah/Pirkei Masechet Avodah Zarah .htm,Academic-Content-DWT.dwt,he,high,Academic-Content-HE,mishnah-tractate-index,
Mishnah-New/Hebrew/Text/Seder Nezikin/Masechet Avot/Masechet Avot Perek 1.htm,Academic-Content-DWT.dwt,he,high,Academic-Content-HE,mishnah-chapter,
Mishnah-New/Hebrew/Text/Seder Nezikin/Masechet Avot/Masechet Avot Perek 2.htm,Academic-Content-DWT.dwt,he,high,Academic-Content-HE,mishnah-chapter,
Mishnah-New/Hebrew/Text/Seder Nezikin/Masechet Avot/Masechet Avot Perek 3.htm,Academic-Content-DWT.dwt,he,high,Academic-Content-HE,mishnah-chapter,
Mishnah-New/Hebrew/Text/Seder Nezikin/Masechet Avot/Masechet Avot Perek 4.htm,Academic-Content-DWT.dwt,he,high,Academic-Content-HE,mishnah-chapter,
Mishnah-New/Hebrew/Text/Seder Nezikin/Masechet Avot/Masechet Avot Perek 5.htm,Academic-Content-DWT.dwt,he,high,Academic-Content-HE,mishnah-chapter,
Mishnah-New/Hebrew/Text/Seder Nezikin/Masechet Avot/Pirkei Masechet Avot.htm,Academic-Content-DWT.dwt,he,high,Academic-Content-HE,mishnah-tractate-index,
Mishnah-New/Hebrew/Text/Seder Nezikin/Masechet Baba Kama/Masechet Baba Kama Perek 1.htm,Academic-Content-DWT.dwt,he,high,Academic-Content-HE,mishnah-chapter,
Mishnah-New/Hebrew/Text/Seder Nezikin/Masechet Baba Kama/Masechet Baba Kama Perek 10.htm,Academic-Content-DWT.dwt,he,high,Academic-Content-HE,mishnah-chapter,
Mishnah-New/Hebrew/Text/Seder Nezikin/Masechet Baba Kama/Masechet Baba Kama Perek 2.htm,Academic-Content-DWT.dwt,he,high,Academic-Content-HE,mishnah-chapter,
Mishnah-New/Hebrew/Text/Seder Nezikin/Masechet Baba Kama/Masechet Baba Kama Perek 3.htm,Academic-Content-DWT.dwt,he,high,Academic-Content-HE,mishnah-chapter,
Mishnah-New/Hebrew/Text/Seder Nezikin/Masechet Baba Kama/Masechet Baba Kama Perek 4.htm,Academic-Content-DWT.dwt,he,high,Academic-Content-HE,mishnah-chapter,
Mishnah-New/Hebrew/Text/Seder Nezikin/Masechet Baba Kama/Masechet Baba Kama Perek 5.htm,Academic-Content-DWT.dwt,he,high,Academic-Content-HE,mishnah-chapter,
Mishnah-New/Hebrew/Text/Seder Nezikin/Masechet Baba Kama/Masechet Baba Kama Perek 6.htm,Academic-Content-DWT.dwt,he,high,Academic-Content-HE,mishnah-chapter,
Mishnah-New/Hebrew/Text/Seder Nezikin/Masechet Baba Kama/Masechet Baba Kama Perek 7.htm,Academic-Content-DWT.dwt,he,high,Academic-Content-HE,mishnah-chapter,
Mishnah-New/Hebrew/Text/Seder Nezikin/Masechet Baba Kama/Masechet Baba Kama Perek 8.htm,Academic-Content-DWT.dwt,he,high,Academic-Content-HE,mishnah-chapter,
Mishnah-New/Hebrew/Text/Seder Nezikin/Masechet Baba Kama/Masechet Baba Kama Perek 9.htm,Academic-Content-DWT.dwt,he,high,Academic-Content-HE,mishnah-chapter,
Mishnah-New/Hebrew/Text/Seder Nezikin/Masechet Baba Kama/Pirkei Masechet Baba Kama.htm,Academic-Content-DWT.dwt,he,high,Academic-Content-HE,mishnah-tractate-index,
Mishnah-New/Hebrew/Text/Seder Nezikin/Masechet Eduyot/Masechet Eduyot Perek 1.htm,Academic-Content-DWT.dwt,he,high,Academic-Content-HE,mishnah-chapter,
Mishnah-New/Hebrew/Text/Seder Nezikin/Masechet Eduyot/Masechet Eduyot Perek 2.htm,Academic-Content-DWT.dwt,he,high,Academic-Content-HE,mishnah-chapter,
Mishnah-New/Hebrew/Text/Seder Nezikin/Masechet Eduyot/Masechet Eduyot Perek 3.htm,Academic-Content-DWT.dwt,he,high,Academic-Content-HE,mishnah-chapter,
Mishnah-New/Hebrew/Text/Seder Nezikin/Masechet Eduyot/Masechet Eduyot Perek 4.htm,Academic-Content-DWT.dwt,he,high,Academic-Content-HE,mishnah-chapter,
Mishnah-New/Hebrew/Text/Seder Nezikin/Masechet Eduyot/Masechet Eduyot Perek 5.htm,Academic-Content-DWT.dwt,he,high,Academic-Content-HE,mishnah-chapter,
Mishnah-New/Hebrew/Text/Seder Nezikin/Masechet Eduyot/Masechet Eduyot Perek 6.htm,Academic-Content-DWT.dwt,he,high,Academic-Content-HE,mishnah-chapter,
Mishnah-New/Hebrew/Text/Seder Nezikin/Masechet Eduyot/Masechet Eduyot Perek 7.htm,Academic-Content-DWT.dwt,he,high,Academic-Content-HE,mishnah-chapter,
Mishnah-New/Hebrew/Text/Seder Nezikin/Masechet Eduyot/Masechet Eduyot Perek 8.htm,Academic-Content-DWT.dwt,he,high,Academic-Content-HE,mishnah-chapter,
Mishnah-New/Hebrew/Text/Seder Nezikin/Masechet Eduyot/Pirkei Masechet Eduyot.htm,Academic-Content-DWT.dwt,he,high,Academic-Content-HE,mishnah-tractate-index,
Mishnah-New/Hebrew/Text/Seder Nezikin/Masechet Horayot/Masechet Horayot Perek 1.htm,Academic-Content-DWT.dwt,he,high,Academic-Content-HE,mishnah-chapter,
Mishnah-New/Hebrew/Text/Seder Nezikin/Masechet Horayot/Masechet Horayot Perek 2.htm,Academic-Content-DWT.dwt,he,high,Academic-Content-HE,mishnah-chapter,
Mishnah-New/Hebrew/Text/Seder Nezikin/Masechet Horayot/Masechet Horayot Perek 3.htm,Academic-Content-DWT.dwt,he,high,Academic-Content-HE,mishnah-chapter,
Mishnah-New/Hebrew/Text/Seder Nezikin/Masechet Horayot/Pirkei Masechet Horayot.htm,Academic-Content-DWT.dwt,he,high,Academic-Content-HE,mishnah-tractate-index,
Mishnah-New/Hebrew/Text/Seder Nezikin/Masechet Makkot/Masechet Makkot Perek 1 .htm,Academic-Content-DWT.dwt,he,high,Academic-Content-HE,mishnah-chapter,
Mishnah-New/Hebrew/Text/Seder Nezikin/Masechet Makkot/Masechet Makkot Perek 2.htm,Academic-Content-DWT.dwt,he,high,Academic-Content-HE,mishnah-chapter,
Mishnah-New/Hebrew/Text/Seder Nezikin/Masechet Makkot/Masechet Makkot Perek 3.htm,Academic-Content-DWT.dwt,he,high,Academic-Content-HE,mishnah-chapter,
Mishnah-New/Hebrew/Text/Seder Nezikin/Masechet Makkot/Pirkei Masechet Makkot.htm,Academic-Content-DWT.dwt,he,high,Academic-Content-HE,mishnah-tractate-index,
Mishnah-New/Hebrew/Text/Seder Nezikin/Masechet Sanhedrin/Masechet Sanhedrin Perek 1.htm,Academic-Content-DWT.dwt,he,high,Academic-Content-HE,mishnah-chapter,
Mishnah-New/Hebrew/Text/Seder Nezikin/Masechet Sanhedrin/Masechet Sanhedrin Perek 10.htm,Academic-Content-DWT.dwt,he,high,Academic-Content-HE,mishnah-chapter,
Mishnah-New/Hebrew/Text/Seder Nezikin/Masechet Sanhedrin/Masechet Sanhedrin Perek 11.htm,Academic-Content-DWT.dwt,he,high,Academic-Content-HE,mishnah-chapter,
Mishnah-New/Hebrew/Text/Seder Nezikin/Masechet Sanhedrin/Masechet Sanhedrin Perek 2.htm,Academic-Content-DWT.dwt,he,high,Academic-Content-HE,mishnah-chapter,
Mishnah-New/Hebrew/Text/Seder Nezikin/Masechet Sanhedrin/Masechet Sanhedrin Perek 3.htm,Academic-Content-DWT.dwt,he,high,Academic-Content-HE,mishnah-chapter,
Mishnah-New/Hebrew/Text/Seder Nezikin/Masechet Sanhedrin/Masechet Sanhedrin Perek 4.htm,Academic-Content-DWT.dwt,he,high,Academic-Content-HE,mishnah-chapter,
Mishnah-New/Hebrew/Text/Seder Nezikin/Masechet Sanhedrin/Masechet Sanhedrin Perek 5.htm,Academic-Content-DWT.dwt,he,high,Academic-Content-HE,mishnah-chapter,
Mishnah-New/Hebrew/Text/Seder Nezikin/Masechet Sanhedrin/Masechet Sanhedrin Perek 6.htm,Academic-Content-DWT.dwt,he,high,Academic-Content-HE,mishnah-chapter,
Mishnah-New/Hebrew/Text/Seder Nezikin/Masechet Sanhedrin/Masechet Sanhedrin Perek 7.htm,Academic-Content-DWT.dwt,he,high,Academic-Content-HE,mishnah-chapter,
Mishnah-New/Hebrew/Text/Seder Nezikin/Masechet Sanhedrin/Masechet Sanhedrin Perek 8.htm,Academic-Content-DWT.dwt,he,high,Academic-Content-HE,mishnah-chapter,
Mishnah-New/Hebrew/Text/Seder Nezikin/Masechet Sanhedrin/Masechet Sanhedrin Perek 9.htm,Academic-Content-DWT.dwt,he,high,Academic-Content-HE,mishnah-chapter,
Mishnah-New/Hebrew/Text/Seder Nezikin/Masechet Sanhedrin/Pirkei Masechet Sanhedrin.htm,Academic-Content-DWT.dwt,he,high,Academic-Content-HE,mishnah-tractate-index,
Mishnah-New/Hebrew/Text/Seder Nezikin/Masechet Shavuot/Masechet Shavuot Perek 1.htm,Academic-Content-DWT.dwt,he,high,Academic-Content-HE,mishnah-chapter,
Mishnah-New/Hebrew/Text/Seder Nezikin/Masechet Shavuot/Masechet Shavuot Perek 2.htm,Academic-Content-DWT.dwt,he,high,Academic-Content-HE,mishnah-chapter,
Mishnah-New/Hebrew/Text/Seder Nezikin/Masechet Shavuot/Masechet Shavuot Perek 3.htm,Academic-Content-DWT.dwt,he,high,Academic-Content-HE,mishnah-chapter,
Mishnah-New/Hebrew/Text/Seder Nezikin/Masechet Shavuot/Masechet Shavuot Perek 4.htm,Academic-Content-DWT.dwt,he,high,Academic-Content-HE,mishnah-chapter,
Mishnah-New/Hebrew/Text/Seder Nezikin/Masechet Shavuot/Masechet Shavuot Perek 5.htm,Academic-Content-DWT.dwt,he,high,Academic-Content-HE,mishnah-chapter,
Mishnah-New/Hebrew/Text/Seder Nezikin/Masechet Shavuot/Masechet Shavuot Perek 6.htm,Academic-Content-DWT.dwt,he,high,Academic-Content-HE,mishnah-chapter,
Mishnah-New/Hebrew/Text/Seder Nezikin/Masechet Shavuot/Masechet Shavuot Perek 7.htm,Academic-Content-DWT.dwt,he,high,Academic-Content-HE,mishnah-chapter,
Mishnah-New/Hebrew/Text/Seder Nezikin/Masechet Shavuot/Masechet Shavuot Perek 8.htm,Academic-Content-DWT.dwt,he,high,Academic-Content-HE,mishnah-chapter,
Mishnah-New/Hebrew/Text/Seder Nezikin/Masechet Shavuot/Pirkei Masechet Shavuot.htm,Academic-Content-DWT.dwt,he,high,Academic-Content-HE,mishnah-tractate-index,
Mishnah-New/Hebrew/Text/Seder Nezikin/Masechtot Seder Nezikin .htm,Academic-Content-DWT.dwt,he,high,Academic-Content-HE,mishnah-text,
Mishnah-New/Hebrew/Text/Seder Nezikin/Seder Baba Batra/Masechet Baba Batra Perek 1.htm,Academic-Content-DWT.dwt,he,high,Academic-Content-HE,mishnah-chapter,
Mishnah-New/Hebrew/Text/Seder Nezikin/Seder Baba Batra/Masechet Baba Batra Perek 10.htm,Academic-Content-DWT.dwt,he,high,Academic-Content-HE,mishnah-chapter,
Mishnah-New/Hebrew/Text/Seder Nezikin/Seder Baba Batra/Masechet Baba Batra Perek 2.htm,Academic-Content-DWT.dwt,he,high,Academic-Content-HE,mishnah-chapter,
Mishnah-New/Hebrew/Text/Seder Nezikin/Seder Baba Batra/Masechet Baba Batra Perek 3.htm,Academic-Content-DWT.dwt,he,high,Academic-Content-HE,mishnah-chapter,
Mishnah-New/Hebrew/Text/Seder Nezikin/Seder Baba Batra/Masechet Baba Batra Perek 4.htm,Academic-Content-DWT.dwt,he,high,Academic-Content-HE,mishnah-chapter,
Mishnah-New/Hebrew/Text/Seder Nezikin/Seder Baba Batra/Masechet Baba Batra Perek 5.htm,Academic-Content-DWT.dwt,he,high,Academic-Content-HE,mishnah-chapter,
Mishnah-New/Hebrew/Text/Seder Nezikin/Seder Baba Batra/Masechet Baba Batra Perek 6.htm,Academic-Content-DWT.dwt,he,high,Academic-Content-HE,mishnah-chapter,
Mishnah-New/Hebrew/Text/Seder Nezikin/Seder Baba Batra/Masechet Baba Batra Perek 7.htm,Academic-Content-DWT.dwt,he,high,Academic-Content-HE,mishnah-chapter,
Mishnah-New/Hebrew/Text/Seder Nezikin/Seder Baba Batra/Masechet Baba Batra Perek 8.htm,Academic-Content-DWT.dwt,he,high,Academic-Content-HE,mishnah-chapter,
Mishnah-New/Hebrew/Text/Seder Nezikin/Seder Baba Batra/Masechet Baba Batra Perek 9.htm,Academic-Content-DWT.dwt,he,high,Academic-Content-HE,mishnah-chapter,
Mishnah-New/Hebrew/Text/Seder Nezikin/Seder Baba Batra/Pirkei Masechet Baba Batra.htm,Academic-Content-DWT.dwt,he,high,Academic-Content-HE,mishnah-tractate-index,
Mishnah-New/Hebrew/Text/Seder Nezikin/Seder Nezikin.html,Academic-Content-DWT.dwt,he,high,Academic-Content-HE,mishnah-text,
Mishnah-New/Hebrew/Text/Seder Nezikin/Seder Nezikin2.html,Academic-Content-DWT.dwt,he,high,Academic-Content-HE,mishnah-text,
Mishnah-New/Hebrew/Text/Seder Tohorot/Masechet Kelim/Masechet Kelim Perek 1.htm,Academic-Content-DWT.dwt,he,high,Academic-Content-HE,mishnah-chapter,
Mishnah-New/Hebrew/Text/Seder Tohorot/Masechet Kelim/Masechet Kelim Perek 10.htm,Academic-Content-DWT.dwt,he,high,Academic-Content-HE,mishnah-chapter,
Mishnah-New/Hebrew/Text/Seder Tohorot/Masechet Kelim/Masechet Kelim Perek 11.htm,Academic-Content-DWT.dwt,he,high,Academic-Content-HE,mishnah-chapter,
Mishnah-New/Hebrew/Text/Seder Tohorot/Masechet Kelim/Masechet Kelim Perek 12.htm,Academic-Content-DWT.dwt,he,high,Academic-Content-HE,mishnah-chapter,
Mishnah-New/Hebrew/Text/Seder Tohorot/Masechet Kelim/Masechet Kelim Perek 13.htm,Academic-Content-DWT.dwt,he,high,Academic-Content-HE,mishnah-chapter,
Mishnah-New/Hebrew/Text/Seder Tohorot/Masechet Kelim/Masechet Kelim Perek 14.htm,Academic-Content-DWT.dwt,he,high,Academic-Content-HE,mishnah-chapter,
Mishnah-New/Hebrew/Text/Seder Tohorot/Masechet Kelim/Masechet Kelim Perek 15.htm,Academic-Content-DWT.dwt,he,high,Academic-Content-HE,mishnah-chapter,
Mishnah-New/Hebrew/Text/Seder Tohorot/Masechet Kelim/Masechet Kelim Perek 16.htm,Academic-Content-DWT.dwt,he,high,Academic-Content-HE,mishnah-chapter,
Mishnah-New/Hebrew/Text/Seder Tohorot/Masechet Kelim/Masechet Kelim Perek 17.htm,Academic-Content-DWT.dwt,he,high,Academic-Content-HE,mishnah-chapter,
Mishnah-New/Hebrew/Text/Seder Tohorot/Masechet Kelim/Masechet Kelim Perek 18.htm,Academic-Content-DWT.dwt,he,high,Academic-Content-HE,mishnah-chapter,
Mishnah-New/Hebrew/Text/Seder Tohorot/Masechet Kelim/Masechet Kelim Perek 19.htm,Academic-Content-DWT.dwt,he,high,Academic-Content-HE,mishnah-chapter,
Mishnah-New/Hebrew/Text/Seder Tohorot/Masechet Kelim/Masechet Kelim Perek 2.htm,Academic-Content-DWT.dwt,he,high,Academic-Content-HE,mishnah-chapter,
Mishnah-New/Hebrew/Text/Seder Tohorot/Masechet Kelim/Masechet Kelim Perek 20.htm,Academic-Content-DWT.dwt,he,high,Academic-Content-HE,mishnah-chapter,
Mishnah-New/Hebrew/Text/Seder Tohorot/Masechet Kelim/Masechet Kelim Perek 21.htm,Academic-Content-DWT.dwt,he,high,Academic-Content-HE,mishnah-chapter,
Mishnah-New/Hebrew/Text/Seder Tohorot/Masechet Kelim/Masechet Kelim Perek 22.htm,Academic-Content-DWT.dwt,he,high,Academic-Content-HE,mishnah-chapter,
Mishnah-New/Hebrew/Text/Seder Tohorot/Masechet Kelim/Masechet Kelim Perek 23.htm,Academic-Content-DWT.dwt,he,high,Academic-Content-HE,mishnah-chapter,
Mishnah-New/Hebrew/Text/Seder Tohorot/Masechet Kelim/Masechet Kelim Perek 24.htm,Academic-Content-DWT.dwt,he,high,Academic-Content-HE,mishnah-chapter,
Mishnah-New/Hebrew/Text/Seder Tohorot/Masechet Kelim/Masechet Kelim Perek 25.htm,Academic-Content-DWT.dwt,he,high,Academic-Content-HE,mishnah-chapter,
Mishnah-New/Hebrew/Text/Seder Tohorot/Masechet Kelim/Masechet Kelim Perek 26.htm,Academic-Content-DWT.dwt,he,high,Academic-Content-HE,mishnah-chapter,
Mishnah-New/Hebrew/Text/Seder Tohorot/Masechet Kelim/Masechet Kelim Perek 27.htm,Academic-Content-DWT.dwt,he,high,Academic-Content-HE,mishnah-chapter,
Mishnah-New/Hebrew/Text/Seder Tohorot/Masechet Kelim/Masechet Kelim Perek 28.htm,Academic-Content-DWT.dwt,he,high,Academic-Content-HE,mishnah-chapter,
Mishnah-New/Hebrew/Text/Seder Tohorot/Masechet Kelim/Masechet Kelim Perek 29.htm,Academic-Content-DWT.dwt,he,high,Academic-Content-HE,mishnah-chapter,
Mishnah-New/Hebrew/Text/Seder Tohorot/Masechet Kelim/Masechet Kelim Perek 3.htm,Academic-Content-DWT.dwt,he,high,Academic-Content-HE,mishnah-chapter,
Mishnah-New/Hebrew/Text/Seder Tohorot/Masechet Kelim/Masechet Kelim Perek 30.htm,Academic-Content-DWT.dwt,he,high,Academic-Content-HE,mishnah-chapter,
Mishnah-New/Hebrew/Text/Seder Tohorot/Masechet Kelim/Masechet Kelim Perek 4.htm,Academic-Content-DWT.dwt,he,high,Academic-Content-HE,mishnah-chapter,
Mishnah-New/Hebrew/Text/Seder Tohorot/Masechet Kelim/Masechet Kelim Perek 5.htm,Academic-Content-DWT.dwt,he,high,Academic-Content-HE,mishnah-chapter,
Mishnah-New/Hebrew/Text/Seder Tohorot/Masechet Kelim/Masechet Kelim Perek 6.htm,Academic-Content-DWT.dwt,he,high,Academic-Content-HE,mishnah-chapter,
Mishnah-New/Hebrew/Text/Seder Tohorot/Masechet Kelim/Masechet Kelim Perek 7.htm,Academic-Content-DWT.dwt,he,high,Academic-Content-HE,mishnah-chapter,
Mishnah-New/Hebrew/Text/Seder Tohorot/Masechet Kelim/Masechet Kelim Perek 8.htm,Academic-Content-DWT.dwt,he,high,Academic-Content-HE,mishnah-chapter,
Mishnah-New/Hebrew/Text/Seder Tohorot/Masechet Kelim/Masechet Kelim Perek 9.htm,Academic-Content-DWT.dwt,he,high,Academic-Content-HE,mishnah-chapter,
Mishnah-New/Hebrew/Text/Seder Tohorot/Masechet Kelim/Pirkei Masechet Kelim.htm,Academic-Content-DWT.dwt,he,high,Academic-Content-HE,mishnah-tractate-index,
Mishnah-New/Hebrew/Text/Seder Tohorot/Masechet Makhshirin/Masechet Makhshirin Perek 1.htm,Academic-Content-DWT.dwt,he,high,Academic-Content-HE,mishnah-chapter,
Mishnah-New/Hebrew/Text/Seder Tohorot/Masechet Makhshirin/Masechet Makhshirin Perek 2.htm,Academic-Content-DWT.dwt,he,high,Academic-Content-HE,mishnah-chapter,
Mishnah-New/Hebrew/Text/Seder Tohorot/Masechet Makhshirin/Masechet Makhshirin Perek 3.htm,Academic-Content-DWT.dwt,he,high,Academic-Content-HE,mishnah-chapter,
Mishnah-New/Hebrew/Text/Seder Tohorot/Masechet Makhshirin/Masechet Makhshirin Perek 4.htm,Academic-Content-DWT.dwt,he,high,Academic-Content-HE,mishnah-chapter,
Mishnah-New/Hebrew/Text/Seder Tohorot/Masechet Makhshirin/Masechet Makhshirin Perek 5.htm,Academic-Content-DWT.dwt,he,high,Academic-Content-HE,mishnah-chapter,
Mishnah-New/Hebrew/Text/Seder Tohorot/Masechet Makhshirin/Masechet Makhshirin Perek 6.htm,Academic-Content-DWT.dwt,he,high,Academic-Content-HE,mishnah-chapter,
Mishnah-New/Hebrew/Text/Seder Tohorot/Masechet Makhshirin/Pirkei Masechet Makhshirin.htm,Academic-Content-DWT.dwt,he,high,Academic-Content-HE,mishnah-tractate-index,
Mishnah-New/Hebrew/Text/Seder Tohorot/Masechet Mikvaot/Masechet Mikvaot Perek 1.htm,Academic-Content-DWT.dwt,he,high,Academic-Content-HE,mishnah-chapter,
Mishnah-New/Hebrew/Text/Seder Tohorot/Masechet Mikvaot/Masechet Mikvaot Perek 10.htm,Academic-Content-DWT.dwt,he,high,Academic-Content-HE,mishnah-chapter,
Mishnah-New/Hebrew/Text/Seder Tohorot/Masechet Mikvaot/Masechet Mikvaot Perek 2.htm,Academic-Content-DWT.dwt,he,high,Academic-Content-HE,mishnah-chapter,
Mishnah-New/Hebrew/Text/Seder Tohorot/Masechet Mikvaot/Masechet Mikvaot Perek 3.htm,Academic-Content-DWT.dwt,he,high,Academic-Content-HE,mishnah-chapter,
Mishnah-New/Hebrew/Text/Seder Tohorot/Masechet Mikvaot/Masechet Mikvaot Perek 4.htm,Academic-Content-DWT.dwt,he,high,Academic-Content-HE,mishnah-chapter,
Mishnah-New/Hebrew/Text/Seder Tohorot/Masechet Mikvaot/Masechet Mikvaot Perek 5.htm,Academic-Content-DWT.dwt,he,high,Academic-Content-HE,mishnah-chapter,
Mishnah-New/Hebrew/Text/Seder Tohorot/Masechet Mikvaot/Masechet Mikvaot Perek 6.htm,Academic-Content-DWT.dwt,he,high,Academic-Content-HE,mishnah-chapter,
Mishnah-New/Hebrew/Text/Seder Tohorot/Masechet Mikvaot/Masechet Mikvaot Perek 7.htm,Academic-Content-DWT.dwt,he,high,Academic-Content-HE,mishnah-chapter,
Mishnah-New/Hebrew/Text/Seder Tohorot/Masechet Mikvaot/Masechet Mikvaot Perek 8.htm,Academic-Content-DWT.dwt,he,high,Academic-Content-HE,mishnah-chapter,
Mishnah-New/Hebrew/Text/Seder Tohorot/Masechet Mikvaot/Masechet Mikvaot Perek 9.htm,Academic-Content-DWT.dwt,he,high,Academic-Content-HE,mishnah-chapter,
Mishnah-New/Hebrew/Text/Seder Tohorot/Masechet Mikvaot/Pirkei Masechet Mikvaot.htm,Academic-Content-DWT.dwt,he,high,Academic-Content-HE,mishnah-tractate-index,
Mishnah-New/Hebrew/Text/Seder Tohorot/Masechet Negaim/Masechet Negaim Perek 1.htm,Academic-Content-DWT.dwt,he,high,Academic-Content-HE,mishnah-chapter,
Mishnah-New/Hebrew/Text/Seder Tohorot/Masechet Negaim/Masechet Negaim Perek 10.htm,Academic-Content-DWT.dwt,he,high,Academic-Content-HE,mishnah-chapter,
Mishnah-New/Hebrew/Text/Seder Tohorot/Masechet Negaim/Masechet Negaim Perek 11.htm,Academic-Content-DWT.dwt,he,high,Academic-Content-HE,mishnah-chapter,
Mishnah-New/Hebrew/Text/Seder Tohorot/Masechet Negaim/Masechet Negaim Perek 12.htm,Academic-Content-DWT.dwt,he,high,Academic-Content-HE,mishnah-chapter,
Mishnah-New/Hebrew/Text/Seder Tohorot/Masechet Negaim/Masechet Negaim Perek 13.htm,Academic-Content-DWT.dwt,he,high,Academic-Content-HE,mishnah-chapter,
Mishnah-New/Hebrew/Text/Seder Tohorot/Masechet Negaim/Masechet Negaim Perek 14.htm,Academic-Content-DWT.dwt,he,high,Academic-Content-HE,mishnah-chapter,
Mishnah-New/Hebrew/Text/Seder Tohorot/Masechet Negaim/Masechet Negaim Perek 2.htm,Academic-Content-DWT.dwt,he,high,Academic-Content-HE,mishnah-chapter,
Mishnah-New/Hebrew/Text/Seder Tohorot/Masechet Negaim/Masechet Negaim Perek 3.htm,Academic-Content-DWT.dwt,he,high,Academic-Content-HE,mishnah-chapter,
Mishnah-New/Hebrew/Text/Seder Tohorot/Masechet Negaim/Masechet Negaim Perek 4.htm,Academic-Content-DWT.dwt,he,high,Academic-Content-HE,mishnah-chapter,
Mishnah-New/Hebrew/Text/Seder Tohorot/Masechet Negaim/Masechet Negaim Perek 5.htm,Academic-Content-DWT.dwt,he,high,Academic-Content-HE,mishnah-chapter,
Mishnah-New/Hebrew/Text/Seder Tohorot/Masechet Negaim/Masechet Negaim Perek 6.htm,Academic-Content-DWT.dwt,he,high,Academic-Content-HE,mishnah-chapter,
Mishnah-New/Hebrew/Text/Seder Tohorot/Masechet Negaim/Masechet Negaim Perek 7.htm,Academic-Content-DWT.dwt,he,high,Academic-Content-HE,mishnah-chapter,
Mishnah-New/Hebrew/Text/Seder Tohorot/Masechet Negaim/Masechet Negaim Perek 8.htm,Academic-Content-DWT.dwt,he,high,Academic-Content-HE,mishnah-chapter,
Mishnah-New/Hebrew/Text/Seder Tohorot/Masechet Negaim/Masechet Negaim Perek 9.htm,Academic-Content-DWT.dwt,he,high,Academic-Content-HE,mishnah-chapter,
Mishnah-New/Hebrew/Text/Seder Tohorot/Masechet Negaim/Pirkei Masechet Negaim.htm,Academic-Content-DWT.dwt,he,high,Academic-Content-HE,mishnah-tractate-index,
Mishnah-New/Hebrew/Text/Seder Tohorot/Masechet Nidah/Masechet Nidah Perek 1.htm,Academic-Content-DWT.dwt,he,high,Academic-Content-HE,mishnah-chapter,
Mishnah-New/Hebrew/Text/Seder Tohorot/Masechet Nidah/Masechet Nidah Perek 10.htm,Academic-Content-DWT.dwt,he,high,Academic-Content-HE,mishnah-chapter,
Mishnah-New/Hebrew/Text/Seder Tohorot/Masechet Nidah/Masechet Nidah Perek 2.htm,Academic-Content-DWT.dwt,he,high,Academic-Content-HE,mishnah-chapter,
Mishnah-New/Hebrew/Text/Seder Tohorot/Masechet Nidah/Masechet Nidah Perek 3.htm,Academic-Content-DWT.dwt,he,high,Academic-Content-HE,mishnah-chapter,
Mishnah-New/Hebrew/Text/Seder Tohorot/Masechet Nidah/Masechet Nidah Perek 4.htm,Academic-Content-DWT.dwt,he,high,Academic-Content-HE,mishnah-chapter,
Mishnah-New/Hebrew/Text/Seder Tohorot/Masechet Nidah/Masechet Nidah Perek 5.htm,Academic-Content-DWT.dwt,he,high,Academic-Content-HE,mishnah-chapter,
Mishnah-New/Hebrew/Text/Seder Tohorot/Masechet Nidah/Masechet Nidah Perek 6.htm,Academic-Content-DWT.dwt,he,high,Academic-Content-HE,mishnah-chapter,
Mishnah-New/Hebrew/Text/Seder Tohorot/Masechet Nidah/Masechet Nidah Perek 7.htm,Academic-Content-DWT.dwt,he,high,Academic-Content-HE,mishnah-chapter,
Mishnah-New/Hebrew/Text/Seder Tohorot/Masechet Nidah/Masechet Nidah Perek 8.htm,Academic-Content-DWT.dwt,he,high,Academic-Content-HE,mishnah-chapter,
Mishnah-New/Hebrew/Text/Seder Tohorot/Masechet Nidah/Masechet Nidah Perek 9.htm,Academic-Content-DWT.dwt,he,high,Academic-Content-HE,mishnah-chapter,
Mishnah-New/Hebrew/Text/Seder Tohorot/Masechet Nidah/Pirie Masechet Nidah.htm,Academic-Content-DWT.dwt,he,high,Academic-Content-HE,mishnah-text,
Mishnah-New/Hebrew/Text/Seder Tohorot/Masechet Ohalot/Masechet Ohalot Perek 1.htm,Academic-Content-DWT.dwt,he,high,Academic-Content-HE,mishnah-chapter,
Mishnah-New/Hebrew/Text/Seder Tohorot/Masechet Ohalot/Masechet Ohalot Perek 10.htm,Academic-Content-DWT.dwt,he,high,Academic-Content-HE,mishnah-chapter,
Mishnah-New/Hebrew/Text/Seder Tohorot/Masechet Ohalot/Masechet Ohalot Perek 11.htm,Academic-Content-DWT.dwt,he,high,Academic-Content-HE,mishnah-chapter,
Mishnah-New/Hebrew/Text/Seder Tohorot/Masechet Ohalot/Masechet Ohalot Perek 12.htm,Academic-Content-DWT.dwt,he,high,Academic-Content-HE,mishnah-chapter,
Mishnah-New/Hebrew/Text/Seder Tohorot/Masechet Ohalot/Masechet Ohalot Perek 13.htm,Academic-Content-DWT.dwt,he,high,Academic-Content-HE,mishnah-chapter,
Mishnah-New/Hebrew/Text/Seder Tohorot/Masechet Ohalot/Masechet Ohalot Perek 14.htm,Academic-Content-DWT.dwt,he,high,Academic-Content-HE,mishnah-chapter,
Mishnah-New/Hebrew/Text/Seder Tohorot/Masechet Ohalot/Masechet Ohalot Perek 15.htm,Academic-Content-DWT.dwt,he,high,Academic-Content-HE,mishnah-chapter,
Mishnah-New/Hebrew/Text/Seder Tohorot/Masechet Ohalot/Masechet Ohalot Perek 16.htm,Academic-Content-DWT.dwt,he,high,Academic-Content-HE,mishnah-chapter,
Mishnah-New/Hebrew/Text/Seder Tohorot/Masechet Ohalot/Masechet Ohalot Perek 17.htm,Academic-Content-DWT.dwt,he,high,Academic-Content-HE,mishnah-chapter,
Mishnah-New/Hebrew/Text/Seder Tohorot/Masechet Ohalot/Masechet Ohalot Perek 18.htm,Academic-Content-DWT.dwt,he,high,Academic-Content-HE,mishnah-chapter,
Mishnah-New/Hebrew/Text/Seder Tohorot/Masechet Ohalot/Masechet Ohalot Perek 2.htm,Academic-Content-DWT.dwt,he,high,Academic-Content-HE,mishnah-chapter,
Mishnah-New/Hebrew/Text/Seder Tohorot/Masechet Ohalot/Masechet Ohalot Perek 3.htm,Academic-Content-DWT.dwt,he,high,Academic-Content-HE,mishnah-chapter,
Mishnah-New/Hebrew/Text/Seder Tohorot/Masechet Ohalot/Masechet Ohalot Perek 4.htm,Academic-Content-DWT.dwt,he,high,Academic-Content-HE,mishnah-chapter,
Mishnah-New/Hebrew/Text/Seder Tohorot/Masechet Ohalot/Masechet Ohalot Perek 5.htm,Academic-Content-DWT.dwt,he,high,Academic-Content-HE,mishnah-chapter,
Mishnah-New/Hebrew/Text/Seder Tohorot/Masechet Ohalot/Masechet Ohalot Perek 6.htm,Academic-Content-DWT.dwt,he,high,Academic-Content-HE,mishnah-chapter,
Mishnah-New/Hebrew/Text/Seder Tohorot/Masechet Ohalot/Masechet Ohalot Perek 7.htm,Academic-Content-DWT.dwt,he,high,Academic-Content-HE,mishnah-chapter,
Mishnah-New/Hebrew/Text/Seder Tohorot/Masechet Ohalot/Masechet Ohalot Perek 8.htm,Academic-Content-DWT.dwt,he,high,Academic-Content-HE,mishnah-chapter,
Mishnah-New/Hebrew/Text/Seder Tohorot/Masechet Ohalot/Masechet Ohalot Perek 9.htm,Academic-Content-DWT.dwt,he,high,Academic-Content-HE,mishnah-chapter,
Mishnah-New/Hebrew/Text/Seder Tohorot/Masechet Ohalot/Pirkei Masechet Ohalot.htm,Academic-Content-DWT.dwt,he,high,Academic-Content-HE,mishnah-tractate-index,
Mishnah-New/Hebrew/Text/Seder Tohorot/Masechet Parah/Masechet Parah Perek 1.htm,Academic-Content-DWT.dwt,he,high,Academic-Content-HE,mishnah-chapter,
Mishnah-New/Hebrew/Text/Seder Tohorot/Masechet Parah/Masechet Parah Perek 10.htm,Academic-Content-DWT.dwt,he,high,Academic-Content-HE,mishnah-chapter,
Mishnah-New/Hebrew/Text/Seder Tohorot/Masechet Parah/Masechet Parah Perek 11.htm,Academic-Content-DWT.dwt,he,high,Academic-Content-HE,mishnah-chapter,
Mishnah-New/Hebrew/Text/Seder Tohorot/Masechet Parah/Masechet Parah Perek 12.htm,Academic-Content-DWT.dwt,he,high,Academic-Content-HE,mishnah-chapter,
Mishnah-New/Hebrew/Text/Seder Tohorot/Masechet Parah/Masechet Parah Perek 2.htm,Academic-Content-DWT.dwt,he,high,Academic-Content-HE,mishnah-chapter,
Mishnah-New/Hebrew/Text/Seder Tohorot/Masechet Parah/Masechet Parah Perek 3.htm,Academic-Content-DWT.dwt,he,high,Academic-Content-HE,mishnah-chapter,
Mishnah-New/Hebrew/Text/Seder Tohorot/Masechet Parah/Masechet Parah Perek 4.htm,Academic-Content-DWT.dwt,he,high,Academic-Content-HE,mishnah-chapter,
Mishnah-New/Hebrew/Text/Seder Tohorot/Masechet Parah/Masechet Parah Perek 5.htm,Academic-Content-DWT.dwt,he,high,Academic-Content-HE,mishnah-chapter,
Mishnah-New/Hebrew/Text/Seder Tohorot/Masechet Parah/Masechet Parah Perek 6.htm,Academic-Content-DWT.dwt,he,high,Academic-Content-HE,mishnah-chapter,
Mishnah-New/Hebrew/Text/Seder Tohorot/Masechet Parah/Masechet Parah Perek 7.htm,Academic-Content-DWT.dwt,he,high,Academic-Content-HE,mishnah-chapter,
Mishnah-New/Hebrew/Text/Seder Tohorot/Masechet Parah/Masechet Parah Perek 8.htm,Academic-Content-DWT.dwt,he,high,Academic-Content-HE,mishnah-chapter,
Mishnah-New/Hebrew/Text/Seder Tohorot/Masechet Parah/Masechet Parah Perek 9.htm,Academic-Content-DWT.dwt,he,high,Academic-Content-HE,mishnah-chapter,
Mishnah-New/Hebrew/Text/Seder Tohorot/Masechet Parah/Pirkei Masechet Parah.htm,Academic-Content-DWT.dwt,he,high,Academic-Content-HE,mishnah-tractate-index,
Mishnah-New/Hebrew/Text/Seder Tohorot/Masechet Tevul Yom/Masechet Tevul Yom Perek 1.htm,Academic-Content-DWT.dwt,he,high,Academic-Content-HE,mishnah-chapter,
Mishnah-New/Hebrew/Text/Seder Tohorot/Masechet Tevul Yom/Masechet Tevul Yom Perek 2.htm,Academic-Content-DWT.dwt,he,high,Academic-Content-HE,mishnah-chapter,
Mishnah-New/Hebrew/Text/Seder Tohorot/Masechet Tevul Yom/Masechet Tevul Yom Perek 3.htm,Academic-Content-DWT.dwt,he,high,Academic-Content-HE,mishnah-chapter,
Mishnah-New/Hebrew/Text/Seder Tohorot/Masechet Tevul Yom/Masechet Tevul Yom Perek 4.htm,Academic-Content-DWT.dwt,he,high,Academic-Content-HE,mishnah-chapter,
Mishnah-New/Hebrew/Text/Seder Tohorot/Masechet Tevul Yom/Pirkei Masechet Tevul Yom.htm,Academic-Content-DWT.dwt,he,high,Academic-Content-HE,mishnah-tractate-index,
Mishnah-New/Hebrew/Text/Seder Tohorot/Masechet Tohorot/Masechet Tohorot Perek 1.htm,Academic-Content-DWT.dwt,he,high,Academic-Content-HE,mishnah-chapter,
Mishnah-New/Hebrew/Text/Seder Tohorot/Masechet Tohorot/Masechet Tohorot Perek 10.htm,Academic-Content-DWT.dwt,he,high,Academic-Content-HE,mishnah-chapter,
Mishnah-New/Hebrew/Text/Seder Tohorot/Masechet Tohorot/Masechet Tohorot Perek 2.htm,Academic-Content-DWT.dwt,he,high,Academic-Content-HE,mishnah-chapter,
Mishnah-New/Hebrew/Text/Seder Tohorot/Masechet Tohorot/Masechet Tohorot Perek 3.htm,Academic-Content-DWT.dwt,he,high,Academic-Content-HE,mishnah-chapter,
Mishnah-New/Hebrew/Text/Seder Tohorot/Masechet Tohorot/Masechet Tohorot Perek 4.htm,Academic-Content-DWT.dwt,he,high,Academic-Content-HE,mishnah-chapter,
Mishnah-New/Hebrew/Text/Seder Tohorot/Masechet Tohorot/Masechet Tohorot Perek 5.htm,Academic-Content-DWT.dwt,he,high,Academic-Content-HE,mishnah-chapter,
Mishnah-New/Hebrew/Text/Seder Tohorot/Masechet Tohorot/Masechet Tohorot Perek 6.htm,Academic-Content-DWT.dwt,he,high,Academic-Content-HE,mishnah-chapter,
Mishnah-New/Hebrew/Text/Seder Tohorot/Masechet Tohorot/Masechet Tohorot Perek 7.htm,Academic-Content-DWT.dwt,he,high,Academic-Content-HE,mishnah-chapter,
Mishnah-New/Hebrew/Text/Seder Tohorot/Masechet Tohorot/Masechet Tohorot Perek 8.htm,Academic-Content-DWT.dwt,he,high,Academic-Content-HE,mishnah-chapter,
Mishnah-New/Hebrew/Text/Seder Tohorot/Masechet Tohorot/Masechet Tohorot Perek 9.htm,Academic-Content-DWT.dwt,he,high,Academic-Content-HE,mishnah-chapter,
Mishnah-New/Hebrew/Text/Seder Tohorot/Masechet Tohorot/Pirkei Masechet Tohorot.htm,Academic-Content-DWT.dwt,he,high,Academic-Content-HE,mishnah-tractate-index,
Mishnah-New/Hebrew/Text/Seder Tohorot/Masechet Uktzim/Masechet Uktzim Perek 1.htm,Academic-Content-DWT.dwt,he,high,Academic-Content-HE,mishnah-chapter,
Mishnah-New/Hebrew/Text/Seder Tohorot/Masechet Uktzim/Masechet Uktzim Perek 2.htm,Academic-Content-DWT.dwt,he,high,Academic-Content-HE,mishnah-chapter,
Mishnah-New/Hebrew/Text/Seder Tohorot/Masechet Uktzim/Masechet Uktzim Perek 3.htm,Academic-Content-DWT.dwt,he,high,Academic-Content-HE,mishnah-chapter,
Mishnah-New/Hebrew/Text/Seder Tohorot/Masechet Uktzim/Pirkei Masechet Uktzim.htm,Academic-Content-DWT.dwt,he,high,Academic-Content-HE,mishnah-tractate-index,
Mishnah-New/Hebrew/Text/Seder Tohorot/Masechet Yadayim/Masechet Yadayim Perek 1.htm,Academic-Content-DWT.dwt,he,high,Academic-Content-HE,mishnah-chapter,
Mishnah-New/Hebrew/Text/Seder Tohorot/Masechet Yadayim/Masechet Yadayim Perek 2.htm,Academic-Content-DWT.dwt,he,high,Academic-Content-HE,mishnah-chapter,
Mishnah-New/Hebrew/Text/Seder Tohorot/Masechet Yadayim/Masechet Yadayim Perek 3.htm,Academic-Content-DWT.dwt,he,high,Academic-Content-HE,mishnah-chapter,
Mishnah-New/Hebrew/Text/Seder Tohorot/Masechet Yadayim/Masechet Yadayim Perek 4.htm,Academic-Content-DWT.dwt,he,high,Academic-Content-HE,mishnah-chapter,
Mishnah-New/Hebrew/Text/Seder Tohorot/Masechet Yadayim/Pirkei Masechet Yadayim.htm,Academic-Content-DWT.dwt,he,high,Academic-Content-HE,mishnah-tractate-index,
Mishnah-New/Hebrew/Text/Seder Tohorot/Masechet Zavim/Masechet Zavim Perek 1.htm,Academic-Content-DWT.dwt,he,high,Academic-Content-HE,mishnah-chapter,
Mishnah-New/Hebrew/Text/Seder Tohorot/Masechet Zavim/Masechet Zavim Perek 2.htm,Academic-Content-DWT.dwt,he,high,Academic-Content-HE,mishnah-chapter,
Mishnah-New/Hebrew/Text/Seder Tohorot/Masechet Zavim/Masechet Zavim Perek 3.htm,Academic-Content-DWT.dwt,he,high,Academic-Content-HE,mishnah-chapter,
Mishnah-New/Hebrew/Text/Seder Tohorot/Masechet Zavim/Masechet Zavim Perek 4.htm,Academic-Content-DWT.dwt,he,high,Academic-Content-HE,mishnah-chapter,
Mishnah-New/Hebrew/Text/Seder Tohorot/Masechet Zavim/Masechet Zavim Perek 5.htm,Academic-Content-DWT.dwt,he,high,Academic-Content-HE,mishnah-chapter,
Mishnah-New/Hebrew/Text/Seder Tohorot/Masechet Zavim/Pirkei Masechet Zavim.htm,Academic-Content-DWT.dwt,he,high,Academic-Content-HE,mishnah-tractate-index,
Mishnah-New/Hebrew/Text/Seder Tohorot/Masechtot Seder Tohorot.html,Academic-Content-DWT.dwt,he,high,Academic-Content-HE,mishnah-text,
Mishnah-New/Hebrew/Text/Seder Tohorot/Seder Tohorot.html,Academic-Content-DWT.dwt,he,high,Academic-Content-HE,mishnah-text,
Mishnah-New/Hebrew/Text/Seder Zeraim/Masechet Bechorim/Masechet Bechorim Perek 1.htm,Academic-Content-DWT.dwt,he,high,Academic-Content-HE,mishnah-chapter,
Mishnah-New/Hebrew/Text/Seder Zeraim/Masechet Bechorim/Masechet Bechorim Perek 2.htm,Academic-Content-DWT.dwt,he,high,Academic-Content-HE,mishnah-chapter,
Mishnah-New/Hebrew/Text/Seder Zeraim/Masechet Bechorim/Masechet Bichorim Perek 3.htm,Academic-Content-DWT.dwt,he,high,Academic-Content-HE,mishnah-chapter,
Mishnah-New/Hebrew/Text/Seder Zeraim/Masechet Bechorim/Pirkei Masechet Bichorim.htm,Academic-Content-DWT.dwt,he,high,Academic-Content-HE,mishnah-tractate-index,
Mishnah-New/Hebrew/Text/Seder Zeraim/Masechet Brachot/Mesechet Brachot Perek 1.htm,Academic-Content-DWT.dwt,he,high,Academic-Content-HE,mishnah-chapter,
Mishnah-New/Hebrew/Text/Seder Zeraim/Masechet Brachot/Mesechet Brachot Perek 3.htm,Academic-Content-DWT.dwt,he,high,Academic-Content-HE,mishnah-chapter,
Mishnah-New/Hebrew/Text/Seder Zeraim/Masechet Brachot/Mesechet Brachot Perek 4.htm,Academic-Content-DWT.dwt,he,high,Academic-Content-HE,mishnah-chapter,
Mishnah-New/Hebrew/Text/Seder Zeraim/Masechet Brachot/Mesechet Brachot Perek 5.htm,Academic-Content-DWT.dwt,he,high,Academic-Content-HE,mishnah-chapter,
Mishnah-New/Hebrew/Text/Seder Zeraim/Masechet Brachot/Mesechet Brachot Perek 6.htm,Academic-Content-DWT.dwt,he,high,Academic-Content-HE,mishnah-chapter,
Mishnah-New/Hebrew/Text/Seder Zeraim/Masechet Brachot/Mesechet Brachot Perek 7.htm,Academic-Content-DWT.dwt,he,high,Academic-Content-HE,mishnah-chapter,
Mishnah-New/Hebrew/Text/Seder Zeraim/Masechet Brachot/Mesechet Brachot Perek 8.htm,Academic-Content-DWT.dwt,he,high,Academic-Content-HE,mishnah-chapter,
Mishnah-New/Hebrew/Text/Seder Zeraim/Masechet Brachot/Mesechet Brachot Perek 9.htm,Academic-Content-DWT.dwt,he,high,Academic-Content-HE,mishnah-chapter,
Mishnah-New/Hebrew/Text/Seder Zeraim/Masechet Brachot/Pirkey Mesechet Brachot.htm,Academic-Content-DWT.dwt,he,high,Academic-Content-HE,mishnah-text,
Mishnah-New/Hebrew/Text/Seder Zeraim/Masechet Demai/Mesechet Demai Perek 1.htm,Academic-Content-DWT.dwt,he,high,Academic-Content-HE,mishnah-chapter,
Mishnah-New/Hebrew/Text/Seder Zeraim/Masechet Demai/Mesechet Demai Perek 2.htm,Academic-Content-DWT.dwt,he,high,Academic-Content-HE,mishnah-chapter,
Mishnah-New/Hebrew/Text/Seder Zeraim/Masechet Demai/Mesechet Demai Perek 3.htm,Academic-Content-DWT.dwt,he,high,Academic-Content-HE,mishnah-chapter,
Mishnah-New/Hebrew/Text/Seder Zeraim/Masechet Demai/Mesechet Demai Perek 4.htm,Academic-Content-DWT.dwt,he,high,Academic-Content-HE,mishnah-chapter,
Mishnah-New/Hebrew/Text/Seder Zeraim/Masechet Demai/Mesechet Demai Perek 5.htm,Academic-Content-DWT.dwt,he,high,Academic-Content-HE,mishnah-chapter,
Mishnah-New/Hebrew/Text/Seder Zeraim/Masechet Demai/Mesechet Demai Perek 6.htm,Academic-Content-DWT.dwt,he,high,Academic-Content-HE,mishnah-chapter,
Mishnah-New/Hebrew/Text/Seder Zeraim/Masechet Demai/Mesechet Demai Perek 7.htm,Academic-Content-DWT.dwt,he,high,Academic-Content-HE,mishnah-chapter,
Mishnah-New/Hebrew/Text/Seder Zeraim/Masechet Demai/Pirkei Mesechet Demai.htm,Academic-Content-DWT.dwt,he,high,Academic-Content-HE,mishnah-tractate-index,
Mishnah-New/Hebrew/Text/Seder Zeraim/Masechet Hallah/Masechet Hallah Perek 1.htm,Academic-Content-DWT.dwt,he,high,Academic-Content-HE,mishnah-chapter,
Mishnah-New/Hebrew/Text/Seder Zeraim/Masechet Hallah/Masechet Hallah Perek 2.htm,Academic-Content-DWT.dwt,he,high,Academic-Content-HE,mishnah-chapter,
Mishnah-New/Hebrew/Text/Seder Zeraim/Masechet Hallah/Masechet Hallah Perek 3.htm,Academic-Content-DWT.dwt,he,high,Academic-Content-HE,mishnah-chapter,
Mishnah-New/Hebrew/Text/Seder Zeraim/Masechet Hallah/Masechet Hallah Perek 4.htm,Academic-Content-DWT.dwt,he,high,Academic-Content-HE,mishnah-chapter,
Mishnah-New/Hebrew/Text/Seder Zeraim/Masechet Hallah/Pirkei Masechet Hallah.htm,Academic-Content-DWT.dwt,he,high,Academic-Content-HE,mishnah-tractate-index,
Mishnah-New/Hebrew/Text/Seder Zeraim/Masechet Kilayim/Masechet Kilayim Perek 1.htm,Academic-Content-DWT.dwt,he,high,Academic-Content-HE,mishnah-chapter,
Mishnah-New/Hebrew/Text/Seder Zeraim/Masechet Kilayim/Masechet Kilayim Perek 2.htm,Academic-Content-DWT.dwt,he,high,Academic-Content-HE,mishnah-chapter,
Mishnah-New/Hebrew/Text/Seder Zeraim/Masechet Kilayim/Masechet Kilayim Perek 3.htm,Academic-Content-DWT.dwt,he,high,Academic-Content-HE,mishnah-chapter,
Mishnah-New/Hebrew/Text/Seder Zeraim/Masechet Kilayim/Masechet Kilayim Perek 4.htm,Academic-Content-DWT.dwt,he,high,Academic-Content-HE,mishnah-chapter,
Mishnah-New/Hebrew/Text/Seder Zeraim/Masechet Kilayim/Masechet Kilayim Perek 5.htm,Academic-Content-DWT.dwt,he,high,Academic-Content-HE,mishnah-chapter,
Mishnah-New/Hebrew/Text/Seder Zeraim/Masechet Kilayim/Masechet Kilayim Perek 6.htm,Academic-Content-DWT.dwt,he,high,Academic-Content-HE,mishnah-chapter,
Mishnah-New/Hebrew/Text/Seder Zeraim/Masechet Kilayim/Masechet Kilayim Perek 7.htm,Academic-Content-DWT.dwt,he,high,Academic-Content-HE,mishnah-chapter,
Mishnah-New/Hebrew/Text/Seder Zeraim/Masechet Kilayim/Masechet Kilayim Perek 8.htm,Academic-Content-DWT.dwt,he,high,Academic-Content-HE,mishnah-chapter,
Mishnah-New/Hebrew/Text/Seder Zeraim/Masechet Kilayim/Masechet Kilayim Perek 9.htm,Academic-Content-DWT.dwt,he,high,Academic-Content-HE,mishnah-chapter,
Mishnah-New/Hebrew/Text/Seder Zeraim/Masechet Kilayim/Pirkei Masechet Kilayim.htm,Academic-Content-DWT.dwt,he,high,Academic-Content-HE,mishnah-tractate-index,
Mishnah-New/Hebrew/Text/Seder Zeraim/Masechet Maaser Sheni/Masechet Maaser Sheni Perek 1.htm,Academic-Content-DWT.dwt,he,high,Academic-Content-HE,mishnah-chapter,
Mishnah-New/Hebrew/Text/Seder Zeraim/Masechet Maaser Sheni/Masechet Maaser Sheni Perek 2.htm,Academic-Content-DWT.dwt,he,high,Academic-Content-HE,mishnah-chapter,
Mishnah-New/Hebrew/Text/Seder Zeraim/Masechet Maaser Sheni/Masechet Maaser Sheni Perek 3.htm,Academic-Content-DWT.dwt,he,high,Academic-Content-HE,mishnah-chapter,
Mishnah-New/Hebrew/Text/Seder Zeraim/Masechet Maaser Sheni/Masechet Maaser Sheni Perek 4.htm,Academic-Content-DWT.dwt,he,high,Academic-Content-HE,mishnah-chapter,
Mishnah-New/Hebrew/Text/Seder Zeraim/Masechet Maaser Sheni/Masechet Maaser Sheni Perek 5.htm,Academic-Content-DWT.dwt,he,high,Academic-Content-HE,mishnah-chapter,
Mishnah-New/Hebrew/Text/Seder Zeraim/Masechet Maaser Sheni/Pirkei Masechet Maaser Sheni .htm,Academic-Content-DWT.dwt,he,high,Academic-Content-HE,mishnah-tractate-index,
Mishnah-New/Hebrew/Text/Seder Zeraim/Masechet Maasrot/Masechet Maasrot Perek 1.htm,Academic-Content-DWT.dwt,he,high,Academic-Content-HE,mishnah-chapter,
Mishnah-New/Hebrew/Text/Seder Zeraim/Masechet Maasrot/Masechet Maasrot Perek 2.htm,Academic-Content-DWT.dwt,he,high,Academic-Content-HE,mishnah-chapter,
Mishnah-New/Hebrew/Text/Seder Zeraim/Masechet Maasrot/Masechet Maasrot Perek 3.htm,Academic-Content-DWT.dwt,he,high,Academic-Content-HE,mishnah-chapter,
Mishnah-New/Hebrew/Text/Seder Zeraim/Masechet Maasrot/Masechet Maasrot Perek 4.htm,Academic-Content-DWT.dwt,he,high,Academic-Content-HE,mishnah-chapter,
Mishnah-New/Hebrew/Text/Seder Zeraim/Masechet Maasrot/Masechet Maasrot Perek 5.htm,Academic-Content-DWT.dwt,he,high,Academic-Content-HE,mishnah-chapter,
Mishnah-New/Hebrew/Text/Seder Zeraim/Masechet Maasrot/Pirkei Masechet Maasrot.htm,Academic-Content-DWT.dwt,he,high,Academic-Content-HE,mishnah-tractate-index,
Mishnah-New/Hebrew/Text/Seder Zeraim/Masechet Orlah/Masechet Orlah Perek 1.htm,Academic-Content-DWT.dwt,he,high,Academic-Content-HE,mishnah-chapter,
Mishnah-New/Hebrew/Text/Seder Zeraim/Masechet Orlah/Masechet Orlah Perek 2.htm,Academic-Content-DWT.dwt,he,high,Academic-Content-HE,mishnah-chapter,
Mishnah-New/Hebrew/Text/Seder Zeraim/Masechet Orlah/Masechet Orlah Perek 3.htm,Academic-Content-DWT.dwt,he,high,Academic-Content-HE,mishnah-chapter,
Mishnah-New/Hebrew/Text/Seder Zeraim/Masechet Orlah/Pirkei Masechet Orlah.htm,Academic-Content-DWT.dwt,he,high,Academic-Content-HE,mishnah-tractate-index,
Mishnah-New/Hebrew/Text/Seder Zeraim/Masechet Peah/Mesechet Peah Perek 1.htm,Academic-Content-DWT.dwt,he,high,Academic-Content-HE,mishnah-chapter,
Mishnah-New/Hebrew/Text/Seder Zeraim/Masechet Peah/Mesechet Peah Perek 2.htm,Academic-Content-DWT.dwt,he,high,Academic-Content-HE,mishnah-chapter,
Mishnah-New/Hebrew/Text/Seder Zeraim/Masechet Peah/Mesechet Peah Perek 3.htm,Academic-Content-DWT.dwt,he,high,Academic-Content-HE,mishnah-chapter,
Mishnah-New/Hebrew/Text/Seder Zeraim/Masechet Peah/Mesechet Peah Perek 4.htm,Academic-Content-DWT.dwt,he,high,Academic-Content-HE,mishnah-chapter,
Mishnah-New/Hebrew/Text/Seder Zeraim/Masechet Peah/Mesechet Peah Perek 5.htm,Academic-Content-DWT.dwt,he,high,Academic-Content-HE,mishnah-chapter,
Mishnah-New/Hebrew/Text/Seder Zeraim/Masechet Peah/Mesechet Peah Perek 6.htm,Academic-Content-DWT.dwt,he,high,Academic-Content-HE,mishnah-chapter,
Mishnah-New/Hebrew/Text/Seder Zeraim/Masechet Peah/Mesechet Peah Perek 7.htm,Academic-Content-DWT.dwt,he,high,Academic-Content-HE,mishnah-chapter,
Mishnah-New/Hebrew/Text/Seder Zeraim/Masechet Peah/Mesechet Peah Perek 8.htm,Academic-Content-DWT.dwt,he,high,Academic-Content-HE,mishnah-chapter,
Mishnah-New/Hebrew/Text/Seder Zeraim/Masechet Peah/Perkei mesechet peah.htm,Academic-Content-DWT.dwt,he,high,Academic-Content-HE,mishnah-text,
Mishnah-New/Hebrew/Text/Seder Zeraim/Masechtot Seder Zraim.htm,Academic-Content-DWT.dwt,he,high,Academic-Content-HE,mishnah-text,
Mishnah-New/Hebrew/Text/Seder Zeraim/Mashechet Shviit/Masechet Shviit Perek 1.htm,Academic-Content-DWT.dwt,he,high,Academic-Content-HE,mishnah-chapter,
Mishnah-New/Hebrew/Text/Seder Zeraim/Mashechet Shviit/Masechet Shviit Perek 10.htm,Academic-Content-DWT.dwt,he,high,Academic-Content-HE,mishnah-chapter,
Mishnah-New/Hebrew/Text/Seder Zeraim/Mashechet Shviit/Masechet Shviit Perek 2.htm,Academic-Content-DWT.dwt,he,high,Academic-Content-HE,mishnah-chapter,
Mishnah-New/Hebrew/Text/Seder Zeraim/Mashechet Shviit/Masechet Shviit Perek 3.htm,Academic-Content-DWT.dwt,he,high,Academic-Content-HE,mishnah-chapter,
Mishnah-New/Hebrew/Text/Seder Zeraim/Mashechet Shviit/Masechet Shviit Perek 4.htm,Academic-Content-DWT.dwt,he,high,Academic-Content-HE,mishnah-chapter,
Mishnah-New/Hebrew/Text/Seder Zeraim/Mashechet Shviit/Masechet Shviit Perek 5.htm,Academic-Content-DWT.dwt,he,high,Academic-Content-HE,mishnah-chapter,
Mishnah-New/Hebrew/Text/Seder Zeraim/Mashechet Shviit/Masechet Shviit Perek 6.htm,Academic-Content-DWT.dwt,he,high,Academic-Content-HE,mishnah-chapter,
Mishnah-New/Hebrew/Text/Seder Zeraim/Mashechet Shviit/Masechet Shviit Perek 7.htm,Academic-Content-DWT.dwt,he,high,Academic-Content-HE,mishnah-chapter,
Mishnah-New/Hebrew/Text/Seder Zeraim/Mashechet Shviit/Masechet Shviit Perek 8.htm,Academic-Content-DWT.dwt,he,high,Academic-Content-HE,mishnah-chapter,
Mishnah-New/Hebrew/Text/Seder Zeraim/Mashechet Shviit/Masechet Shviit Perek 9.htm,Academic-Content-DWT.dwt,he,high,Academic-Content-HE,mishnah-chapter,
Mishnah-New/Hebrew/Text/Seder Zeraim/Mashechet Shviit/Pirkei masechet shviit.htm,Academic-Content-DWT.dwt,he,high,Academic-Content-HE,mishnah-tractate-index,
Mishnah-New/Hebrew/Text/Seder Zeraim/Mesechet Trumot/Masechet Trumot Perek 1.htm,Academic-Content-DWT.dwt,he,high,Academic-Content-HE,mishnah-chapter,
Mishnah-New/Hebrew/Text/Seder Zeraim/Mesechet Trumot/Masechet Trumot Perek 10.htm,Academic-Content-DWT.dwt,he,high,Academic-Content-HE,mishnah-chapter,
Mishnah-New/Hebrew/Text/Seder Zeraim/Mesechet Trumot/Masechet Trumot Perek 11.htm,Academic-Content-DWT.dwt,he,high,Academic-Content-HE,mishnah-chapter,
Mishnah-New/Hebrew/Text/Seder Zeraim/Mesechet Trumot/Masechet Trumot Perek 2.htm,Academic-Content-DWT.dwt,he,high,Academic-Content-HE,mishnah-chapter,
Mishnah-New/Hebrew/Text/Seder Zeraim/Mesechet Trumot/Masechet Trumot Perek 3.htm,Academic-Content-DWT.dwt,he,high,Academic-Content-HE,mishnah-chapter,
Mishnah-New/Hebrew/Text/Seder Zeraim/Mesechet Trumot/Masechet Trumot Perek 4.htm,Academic-Content-DWT.dwt,he,high,Academic-Content-HE,mishnah-chapter,
Mishnah-New/Hebrew/Text/Seder Zeraim/Mesechet Trumot/Masechet Trumot Perek 5.htm,Academic-Content-DWT.dwt,he,high,Academic-Content-HE,mishnah-chapter,
Mishnah-New/Hebrew/Text/Seder Zeraim/Mesechet Trumot/Masechet Trumot Perek 6.htm,Academic-Content-DWT.dwt,he,high,Academic-Content-HE,mishnah-chapter,
Mishnah-New/Hebrew/Text/Seder Zeraim/Mesechet Trumot/Masechet Trumot Perek 7.htm,Academic-Content-DWT.dwt,he,high,Academic-Content-HE,mishnah-chapter,
Mishnah-New/Hebrew/Text/Seder Zeraim/Mesechet Trumot/Masechet Trumot Perek 8.htm,Academic-Content-DWT.dwt,he,high,Academic-Content-HE,mishnah-chapter,
Mishnah-New/Hebrew/Text/Seder Zeraim/Mesechet Trumot/Masechet Trumot Perek 9.htm,Academic-Content-DWT.dwt,he,high,Academic-Content-HE,mishnah-chapter,
Mishnah-New/Hebrew/Text/Seder Zeraim/Mesechet Trumot/Pirkei Masechet Trumot.htm,Academic-Content-DWT.dwt,he,high,Academic-Content-HE,mishnah-tractate-index,
Mishnah-New/Hebrew/Text/Seder Zeraim/Seder Zraim.htm,Academic-Content-DWT.dwt,he,high,Academic-Content-HE,mishnah-text,
Mishnah-New/Hebrew/Text/mishnah-data.html,Academic-Content-DWT.dwt,he,high,Academic-Content-HE,mishnah-text,
Mishnah-New/Hebrew/Text/mishnah-pdf.html,Academic-Content-DWT.dwt,he,high,Academic-Content-HE,mishnah-text,
Mishnah-New/Hebrew/Text/mishnah-search.html,Academic-Content-DWT.dwt,he,high,Academic-Content-HE,mishnah-text,
Mishnah/Mesechet Bechorot.htm,hebrew.dwt,he,high,Hebrew-HE,,
Mishnah/Mesechet Brachot.htm,hebrew.dwt,he,high,Hebrew-HE,,
Mishnah/Mesechet Chalah.htm,hebrew.dwt,he,high,Hebrew-HE,,
Mishnah/Mesechet Damai.htm,hebrew.dwt,he,high,Hebrew-HE,,
Mishnah/Mesechet Kelaim.htm,hebrew.dwt,he,high,Hebrew-HE,,
Mishnah/Mesechet Maaser Sheni.htm,hebrew.dwt,he,high,Hebrew-HE,,
Mishnah/Mesechet Maasrot.htm,hebrew.dwt,he,high,Hebrew-HE,,
Mishnah/Mesechet Orlah.htm,hebrew.dwt,he,high,Hebrew-HE,,
Mishnah/Mesechet Peah.htm,hebrew.dwt,he,high,Hebrew-HE,,
Mishnah/Mesechet Shviit.htm,hebrew.dwt,he,high,Hebrew-HE,,
Mishnah/Mesechet Trumote.htm,hebrew.dwt,he,high,Hebrew-HE,,
Mishnah/TheMishnah.htm,Academic-Content-DWT.dwt,he,high,Academic-Content-HE,,
Torah-New/English/Articles/Leviticus The Ways of Holiness/The Ways of Holiness Chapter Five.htm,English.dwt,en,high,English-EN,torah-article,
Torah-New/English/Articles/Leviticus The Ways of Holiness/The Ways of Holiness Chapter Four.htm,English.dwt,en,high,English-EN,torah-article,
Torah-New/English/Articles/Leviticus The Ways of Holiness/The Ways of Holiness Chapter One.htm,English.dwt,en,high,English-EN,torah-article,
Torah-New/English/Articles/Leviticus The Ways of Holiness/The Ways of Holiness Chapter Seven.htm,English.dwt,en,high,English-EN,torah-article,
Torah-New/English/Articles/Leviticus The Ways of Holiness/The Ways of Holiness Chapter Six.htm,English.dwt,en,high,English-EN,torah-article,
Torah-New/English/Articles/Leviticus The Ways of Holiness/The Ways of Holiness Chapter Three.htm,English.dwt,en,high,English-EN,torah-article,
Torah-New/English/Articles/Leviticus The Ways of Holiness/The Ways of Holiness Links.htm,English.dwt,en,high,English-EN,torah-article,
Torah-New/English/Articles/Leviticus The Ways of Holiness/TheBook.htm,English.dwt,en,high,English-EN,torah-article,
Torah-New/English/Articles/The Creation Weave.htm,Academic-Content-DWT.dwt,en,high,Academic-Content-EN,torah-article,
Torah-New/English/Articles/The Decalogue.html,Academic-Content-DWT.dwt,en,high,Academic-Content-EN,torah-article,
Torah-New/English/Articles/The Literary Structure of Leviticus.htm,Academic-Content-DWT.dwt,en,high,Academic-Content-EN,torah-article,
Torah-New/English/Articles/The Stone Tablets of Leviticus 19.html,Academic-Content-DWT.dwt,en,high,Academic-Content-EN,torah-article,
Torah-New/English/Articles/The Torah - A Handbook of Prophecy.html,Academic-Content-DWT.dwt,en,high,Academic-Content-EN,torah-article,
Torah-New/English/Articles/Towards a Hermeneutic of the Non-Linear.htm,Academic-Content-DWT.dwt,en,high,Academic-Content-EN,torah-article,
Torah-New/English/Text/Leviticus/22 Units of Leviticus.html,English.dwt,en,high,English-EN,torah-text,
Torah-New/English/Text/Leviticus/Leviticus Unit I.htm,English.dwt,en,high,English-EN,torah-text,
Torah-New/English/Text/Leviticus/Leviticus Unit III.htm,English.dwt,en,high,English-EN,torah-text,
Torah-New/English/Text/Leviticus/Leviticus Unit IV.htm,English.dwt,en,high,English-EN,torah-text,
Torah-New/English/Text/Leviticus/Leviticus Unit V.htm,English.dwt,en,high,English-EN,torah-text,
Torah-New/English/Text/Leviticus/Leviticus Unit VII.htm,English.dwt,en,high,English-EN,torah-text,
Torah-New/English/Text/Leviticus/Leviticus Unit X.htm,English.dwt,en,high,English-EN,torah-text,
Torah-New/English/Text/Leviticus/Leviticus Unit XII.htm,English.dwt,en,high,English-EN,torah-text,
Torah-New/English/Text/Leviticus/Leviticus Unit XIII.htm,English.dwt,en,high,English-EN,torah-text,
Torah-New/English/Text/Leviticus/Leviticus Unit XIX.htm,English.dwt,en,high,English-EN,torah-text,
Torah-New/English/Text/Leviticus/Leviticus Unit XVI.htm,English.dwt,en,high,English-EN,torah-text,
Torah-New/English/Text/Leviticus/Leviticus Unit XVIII.htm,English.dwt,en,high,English-EN,torah-text,
Torah-New/English/Text/Leviticus/Leviticus Unit XXI.htm,English.dwt,en,high,English-EN,torah-text,
Torah-New/English/Text/Leviticus/Leviticus Unit XXII.htm,English.dwt,en,high,English-EN,torah-text,
Torah-New/English/Text/Leviticus/Links to the 22 Units of Leviticus.htm,English.dwt,en,high,English-EN,torah-text,
Torah-New/English/Text/Torah-pdf.html,Academic-Content-DWT.dwt,en,high,Academic-Content-EN,torah-text,
Torah-New/English/Torah Portal.htm,Academic-Content-DWT.dwt,en,high,Academic-Content-EN,,
Torah-New/Hebrew/Hebrew Torah Portal.htm,hebrew.dwt,he,high,Hebrew-HE,,
Torah-New/Hebrew/Text/The Five Books of the Torah.htm,hebrew.dwt,he,high,Hebrew-HE,torah-text,
about-Moshe-Kline.html,Academic-Content-DWT.dwt,en,high,Academic-Content-EN,site-root,
index.html,Academic-Content-DWT.dwt,en,high,Academic-Content-EN,site-root,
torah-commentary-project/Commentaries/Deuteronomy/deuteronomy-unit-3.html,English.dwt,en,high,English-EN,,
torah-commentary-project/Commentaries/Deuteronomy/index.html,English.dwt,en,high,English-EN,,
torah-commentary-project/Commentaries/Deuteronomy/test.html,English.dwt,en,high,English-EN,,
torah-commentary-project/Commentaries/Genesis/Units/genesis-unit-2.html,English.dwt,en,high,English-EN,,
torah-commentary-project/Commentaries/index.html,English.dwt,en,high,English-EN,,
torah-commentary-project/Commentaries/maps with commentary.html,English.dwt,en,high,English-EN,,
torah-commentary-project/Commentaries/test2.html,English.dwt,en,high,English-EN,,
torah-weave/Admin/Assets/english-color-code.html,Academic-Content-DWT.dwt,en,high,Academic-Content-EN,,
torah-weave/Admin/Assets/hebrew-color-code.html,Academic-Content-DWT.dwt,he,high,Academic-Content-HE,,
torah-weave/Admin/DWT-test_1.html,Academic-Content-DWT.dwt,en,high,Academic-Content-EN,,
torah-weave/Admin/Unit Commentary Template.html,English.dwt,en,high,English-EN,,
torah-weave/Commentary/Commentary.html,Academic-Content-DWT.dwt,en,high,Academic-Content-EN,,
torah-weave/Deuteronomy/deuteronomy-map/deuteronomy-map.html,Academic-Content-DWT.dwt,en,high,Academic-Content-EN,book-map,
torah-weave/Deuteronomy/deuteronomy-unit-1/deuteronomy-unit-1.html,Academic-Content-DWT.dwt,en,high,Academic-Content-EN,torah-unit-text,
torah-weave/Deuteronomy/deuteronomy-unit-10/deuteronomy-unit-10.html,Academic-Content-DWT.dwt,en,high,Academic-Content-EN,torah-unit-text,
torah-weave/Deuteronomy/deuteronomy-unit-11/deuteronomy-unit-11.html,Academic-Content-DWT.dwt,en,high,Academic-Content-EN,torah-unit-text,
torah-weave/Deuteronomy/deuteronomy-unit-12/deuteronomy-unit-12.html,Academic-Content-DWT.dwt,en,high,Academic-Content-EN,torah-unit-text,
torah-weave/Deuteronomy/deuteronomy-unit-13/deuteronomy-unit-13.html,Academic-Content-DWT.dwt,en,high,Academic-Content-EN,torah-unit-text,
torah-weave/Deuteronomy/deuteronomy-unit-2/deuteronomy-unit-2.html,Academic-Content-DWT.dwt,en,high,Academic-Content-EN,torah-unit-text,
torah-weave/Deuteronomy/deuteronomy-unit-3/deuteronomy-unit-3.html,Academic-Content-DWT.dwt,en,high,Academic-Content-EN,torah-unit-text,
torah-weave/Deuteronomy/deuteronomy-unit-4/deuteronomy-unit-4.html,Academic-Content-DWT.dwt,en,high,Academic-Content-EN,torah-unit-text,
torah-weave/Deuteronomy/deuteronomy-unit-5/deuteronomy-unit-5.html,Academic-Content-DWT.dwt,en,high,Academic-Content-EN,torah-unit-text,
torah-weave/Deuteronomy/deuteronomy-unit-6/deuteronomy-unit-6.html,Academic-Content-DWT.dwt,en,high,Academic-Content-EN,torah-unit-text,
torah-weave/Deuteronomy/deuteronomy-unit-7/deuteronomy-unit-7.html,Academic-Content-DWT.dwt,en,high,Academic-Content-EN,torah-unit-text,
torah-weave/Deuteronomy/deuteronomy-unit-8/deuteronomy-unit-8-commentary-abreviated-version.html,Academic-Content-DWT.dwt,en,high,Academic-Content-EN,,
torah-weave/Deuteronomy/deuteronomy-unit-8/deuteronomy-unit-8-commentary-appendix-a.html,Academic-Content-DWT.dwt,en,high,Academic-Content-EN,,
torah-weave/Deuteronomy/deuteronomy-unit-8/deuteronomy-unit-8-commentary-appendix-b.html,Academic-Content-DWT.dwt,en,high,Academic-Content-EN,,
torah-weave/Deuteronomy/deuteronomy-unit-8/deuteronomy-unit-8-commentary-architecture.html,Academic-Content-DWT.dwt,en,high,Academic-Content-EN,,
torah-weave/Deuteronomy/deuteronomy-unit-8/deuteronomy-unit-8-commentary-five-pairs.html,Academic-Content-DWT.dwt,en,high,Academic-Content-EN,,
torah-weave/Deuteronomy/deuteronomy-unit-8/deuteronomy-unit-8-commentary-implications.html,Academic-Content-DWT.dwt,en,high,Academic-Content-EN,,
torah-weave/Deuteronomy/deuteronomy-unit-8/deuteronomy-unit-8-commentary-overview.html,Academic-Content-DWT.dwt,en,high,Academic-Content-EN,book-overview,
torah-weave/Deuteronomy/deuteronomy-unit-8/deuteronomy-unit-8-commentary-reconstructing.html,Academic-Content-DWT.dwt,en,high,Academic-Content-EN,,
torah-weave/Deuteronomy/deuteronomy-unit-8/deuteronomy-unit-8.html,Academic-Content-DWT.dwt,en,high,Academic-Content-EN,torah-unit-text,
torah-weave/Deuteronomy/deuteronomy-unit-9/deuteronomy-unit-9.html,Academic-Content-DWT.dwt,en,high,Academic-Content-EN,torah-unit-text,
torah-weave/Deuteronomy/hebrew-deuteronomy-unit-1/hebrew-deuteronomy-unit-1.html,Academic-Content-DWT.dwt,he,high,Academic-Content-HE,torah-unit-hebrew,
torah-weave/Deuteronomy/hebrew-deuteronomy-unit-10/hebrew-deuteronomy-unit-10.html,Academic-Content-DWT.dwt,he,high,Academic-Content-HE,torah-unit-hebrew,
torah-weave/Deuteronomy/hebrew-deuteronomy-unit-11/hebrew-deuteronomy-unit-11.html,Academic-Content-DWT.dwt,he,high,Academic-Content-HE,torah-unit-hebrew,
torah-weave/Deuteronomy/hebrew-deuteronomy-unit-12/hebrew-deuteronomy-unit-12.html,Academic-Content-DWT.dwt,he,high,Academic-Content-HE,torah-unit-hebrew,
torah-weave/Deuteronomy/hebrew-deuteronomy-unit-13/hebrew-deuteronomy-unit-13.html,Academic-Content-DWT.dwt,he,high,Academic-Content-HE,torah-unit-hebrew,
torah-weave/Deuteronomy/hebrew-deuteronomy-unit-2/hebrew-deuteronomy-unit-2.html,Academic-Content-DWT.dwt,he,high,Academic-Content-HE,torah-unit-hebrew,
torah-weave/Deuteronomy/hebrew-deuteronomy-unit-3/hebrew-deuteronomy-unit-3.html,Academic-Content-DWT.dwt,he,high,Academic-Content-HE,torah-unit-hebrew,
torah-weave/Deuteronomy/hebrew-deuteronomy-unit-4/hebrew-deuteronomy-unit-4.html,Academic-Content-DWT.dwt,he,high,Academic-Content-HE,torah-unit-hebrew,
torah-weave/Deuteronomy/hebrew-deuteronomy-unit-5/hebrew-deuteronomy-unit-5.html,Academic-Content-DWT.dwt,he,high,Academic-Content-HE,torah-unit-hebrew,
torah-weave/Deuteronomy/hebrew-deuteronomy-unit-6/hebrew-deuteronomy-unit-6.html,Academic-Content-DWT.dwt,he,high,Academic-Content-HE,torah-unit-hebrew,
torah-weave/Deuteronomy/hebrew-deuteronomy-unit-7/hebrew-deuteronomy-unit-7.html,Academic-Content-DWT.dwt,he,high,Academic-Content-HE,torah-unit-hebrew,
torah-weave/Deuteronomy/hebrew-deuteronomy-unit-8/hebrew-deuteronomy-unit-8.html,Academic-Content-DWT.dwt,he,high,Academic-Content-HE,torah-unit-hebrew,
torah-weave/Deuteronomy/hebrew-deuteronomy-unit-9/hebrew-deuteronomy-unit-9.html,Academic-Content-DWT.dwt,he,high,Academic-Content-HE,torah-unit-hebrew,
torah-weave/Exodus/exodus-map/exodus-map.html,Academic-Content-DWT.dwt,en,high,Academic-Content-EN,book-map,
torah-weave/Exodus/exodus-unit-1/exodus-unit-1.html,Academic-Content-DWT.dwt,en,high,Academic-Content-EN,torah-unit-text,
torah-weave/Exodus/exodus-unit-10/exodus-unit-10.html,Academic-Content-DWT.dwt,en,high,Academic-Content-EN,torah-unit-text,
torah-weave/Exodus/exodus-unit-11/exodus-unit-11.html,Academic-Content-DWT.dwt,en,high,Academic-Content-EN,torah-unit-text,
torah-weave/Exodus/exodus-unit-12/exodus-unit-12.html,Academic-Content-DWT.dwt,en,high,Academic-Content-EN,torah-unit-text,
torah-weave/Exodus/exodus-unit-13/exodus-unit-13.html,Academic-Content-DWT.dwt,en,high,Academic-Content-EN,torah-unit-text,
torah-weave/Exodus/exodus-unit-14/exodus-unit-14.html,Academic-Content-DWT.dwt,en,high,Academic-Content-EN,torah-unit-text,
torah-weave/Exodus/exodus-unit-15/exodus-unit-15.html,Academic-Content-DWT.dwt,en,high,Academic-Content-EN,torah-unit-text,
torah-weave/Exodus/exodus-unit-16/exodus-unit-16.html,Academic-Content-DWT.dwt,en,high,Academic-Content-EN,torah-unit-text,
torah-weave/Exodus/exodus-unit-17/exodus-unit-17.html,Academic-Content-DWT.dwt,en,high,Academic-Content-EN,torah-unit-text,
torah-weave/Exodus/exodus-unit-18/exodus-unit-18.html,Academic-Content-DWT.dwt,en,high,Academic-Content-EN,torah-unit-text,
torah-weave/Exodus/exodus-unit-19/exodus-unit-19.html,Academic-Content-DWT.dwt,en,high,Academic-Content-EN,torah-unit-text,
torah-weave/Exodus/exodus-unit-2/exodus-unit-2.html,Academic-Content-DWT.dwt,en,high,Academic-Content-EN,torah-unit-text,
torah-weave/Exodus/exodus-unit-3/exodus-unit-3.html,Academic-Content-DWT.dwt,en,high,Academic-Content-EN,torah-unit-text,
torah-weave/Exodus/exodus-unit-4/exodus-unit-4.html,Academic-Content-DWT.dwt,en,high,Academic-Content-EN,torah-unit-text,
torah-weave/Exodus/exodus-unit-5/exodus-unit-5.html,Academic-Content-DWT.dwt,en,high,Academic-Content-EN,torah-unit-text,
torah-weave/Exodus/exodus-unit-6/exodus-unit-6.html,Academic-Content-DWT.dwt,en,high,Academic-Content-EN,torah-unit-text,
torah-weave/Exodus/exodus-unit-7/exodus-unit-7.html,Academic-Content-DWT.dwt,en,high,Academic-Content-EN,torah-unit-text,
torah-weave/Exodus/exodus-unit-8/exodus-unit-8.html,Academic-Content-DWT.dwt,en,high,Academic-Content-EN,torah-unit-text,
torah-weave/Exodus/exodus-unit-9/exodus-unit-9.html,Academic-Content-DWT.dwt,en,high,Academic-Content-EN,torah-unit-text,
torah-weave/Exodus/hebrew-exodus-unit-1/hebrew-exodus-unit-1.html,Academic-Content-DWT.dwt,he,high,Academic-Content-HE,torah-unit-hebrew,
torah-weave/Exodus/hebrew-exodus-unit-10/hebrew-exodus-unit-10.html,Academic-Content-DWT.dwt,he,high,Academic-Content-HE,torah-unit-hebrew,
torah-weave/Exodus/hebrew-exodus-unit-11/hebrew-exodus-unit-11.html,Academic-Content-DWT.dwt,he,high,Academic-Content-HE,torah-unit-hebrew,
torah-weave/Exodus/hebrew-exodus-unit-12/hebrew-exodus-unit-12.html,Academic-Content-DWT.dwt,he,high,Academic-Content-HE,torah-unit-hebrew,
torah-weave/Exodus/hebrew-exodus-unit-13/hebrew-exodus-unit-13.html,Academic-Content-DWT.dwt,he,high,Academic-Content-HE,torah-unit-hebrew,
torah-weave/Exodus/hebrew-exodus-unit-14/hebrew-exodus-unit-14.html,Academic-Content-DWT.dwt,he,high,Academic-Content-HE,torah-unit-hebrew,
torah-weave/Exodus/hebrew-exodus-unit-15/hebrew-exodus-unit-15.html,Academic-Content-DWT.dwt,he,high,Academic-Content-HE,torah-unit-hebrew,
torah-weave/Exodus/hebrew-exodus-unit-16/hebrew-exodus-unit-16.html,Academic-Content-DWT.dwt,he,high,Academic-Content-HE,torah-unit-hebrew,
torah-weave/Exodus/hebrew-exodus-unit-17/hebrew-exodus-unit-17.html,Academic-Content-DWT.dwt,he,high,Academic-Content-HE,torah-unit-hebrew,
torah-weave/Exodus/hebrew-exodus-unit-18/hebrew-exodus-unit-18.html,Academic-Content-DWT.dwt,he,high,Academic-Content-HE,torah-unit-hebrew,
torah-weave/Exodus/hebrew-exodus-unit-19/hebrew-exodus-unit-19.html,Academic-Content-DWT.dwt,he,high,Academic-Content-HE,torah-unit-hebrew,
torah-weave/Exodus/hebrew-exodus-unit-2/hebrew-exodus-unit-2.html,Academic-Content-DWT.dwt,he,high,Academic-Content-HE,torah-unit-hebrew,
torah-weave/Exodus/hebrew-exodus-unit-3/hebrew-exodus-unit-3.html,Academic-Content-DWT.dwt,he,high,Academic-Content-HE,torah-unit-hebrew,
torah-weave/Exodus/hebrew-exodus-unit-4/hebrew-exodus-unit-4.html,Academic-Content-DWT.dwt,he,high,Academic-Content-HE,torah-unit-hebrew,
torah-weave/Exodus/hebrew-exodus-unit-5/hebrew-exodus-unit-5.html,Academic-Content-DWT.dwt,he,high,Academic-Content-HE,torah-unit-hebrew,
torah-weave/Exodus/hebrew-exodus-unit-6/hebrew-exodus-unit-6.html,Academic-Content-DWT.dwt,he,high,Academic-Content-HE,torah-unit-hebrew,
torah-weave/Exodus/hebrew-exodus-unit-7/hebrew-exodus-unit-7.html,Academic-Content-DWT.dwt,he,high,Academic-Content-HE,torah-unit-hebrew,
torah-weave/Exodus/hebrew-exodus-unit-8/hebrew-exodus-unit-8.html,Academic-Content-DWT.dwt,he,high,Academic-Content-HE,torah-unit-hebrew,
torah-weave/Exodus/hebrew-exodus-unit-9/hebrew-exodus-unit-9.html,Academic-Content-DWT.dwt,he,high,Academic-Content-HE,torah-unit-hebrew,
torah-weave/Genesis/genesis-analysis/The Structure of Genesis (short form).html,Academic-Content-DWT.dwt,en,high,Academic-Content-EN,book-analysis,
torah-weave/Genesis/genesis-analysis/The Structure of Genesis from Gemini.html,Academic-Content-DWT.dwt,en,high,Academic-Content-EN,book-analysis,
torah-weave/Genesis/genesis-analysis/The Structure of Genesis.html,Academic-Content-DWT.dwt,en,high,Academic-Content-EN,book-analysis,
torah-weave/Genesis/genesis-analysis/The Structure of Genesis1.html,Academic-Content-DWT.dwt,en,high,Academic-Content-EN,book-analysis,
torah-weave/Genesis/genesis-analysis/architecture-and-meaning-in-genesis.html,Academic-Content-DWT.dwt,en,high,Academic-Content-EN,book-analysis,
torah-weave/Genesis/genesis-analysis/overview.html,Academic-Content-DWT.dwt,en,high,Academic-Content-EN,book-analysis,
torah-weave/Genesis/genesis-analysis/the-hidden-warp.html,Academic-Content-DWT.dwt,en,high,Academic-Content-EN,book-analysis,
torah-weave/Genesis/genesis-analysis/the-map-of-genesis.html,Academic-Content-DWT.dwt,en,high,Academic-Content-EN,book-analysis,
torah-weave/Genesis/genesis-analysis/the-three-rows.html,Academic-Content-DWT.dwt,en,high,Academic-Content-EN,book-analysis,
torah-weave/Genesis/genesis-analysis/units-of-genesis.html,Academic-Content-DWT.dwt,en,high,Academic-Content-EN,book-analysis,
torah-weave/Genesis/genesis-map/genesis-map-commentary.html,Academic-Content-DWT.dwt,en,high,Academic-Content-EN,book-map,
torah-weave/Genesis/genesis-map/genesis-map.html,Academic-Content-DWT.dwt,en,high,Academic-Content-EN,book-map,
torah-weave/Genesis/genesis-unit-1/genesis-unit-1-commentary.html,Academic-Content-DWT.dwt,en,high,Academic-Content-EN,torah-unit-commentary,
torah-weave/Genesis/genesis-unit-1/genesis-unit-1.html,Academic-Content-DWT.dwt,en,high,Academic-Content-EN,torah-unit-text,
torah-weave/Genesis/genesis-unit-10/genesis-unit-10-commentary.html,Academic-Content-DWT.dwt,en,high,Academic-Content-EN,torah-unit-commentary,
torah-weave/Genesis/genesis-unit-10/genesis-unit-10.html,Academic-Content-DWT.dwt,en,high,Academic-Content-EN,torah-unit-text,
torah-weave/Genesis/genesis-unit-11/genesis-unit-11-commentary.html,Academic-Content-DWT.dwt,en,high,Academic-Content-EN,torah-unit-commentary,
torah-weave/Genesis/genesis-unit-11/genesis-unit-11.html,Academic-Content-DWT.dwt,en,high,Academic-Content-EN,torah-unit-text,
torah-weave/Genesis/genesis-unit-12/genesis-unit-12-commentary.html,Academic-Content-DWT.dwt,en,high,Academic-Content-EN,torah-unit-commentary,
torah-weave/Genesis/genesis-unit-12/genesis-unit-12.html,Academic-Content-DWT.dwt,en,high,Academic-Content-EN,torah-unit-text,
torah-weave/Genesis/genesis-unit-13/genesis-unit-13-commentary.html,Academic-Content-DWT.dwt,en,high,Academic-Content-EN,torah-unit-commentary,
torah-weave/Genesis/genesis-unit-13/genesis-unit-13.html,Academic-Content-DWT.dwt,en,high,Academic-Content-EN,torah-unit-text,
torah-weave/Genesis/genesis-unit-14/genesis-unit-14-commentary.html,Academic-Content-DWT.dwt,en,high,Academic-Content-EN,torah-unit-commentary,
torah-weave/Genesis/genesis-unit-14/genesis-unit-14.html,Academic-Content-DWT.dwt,en,high,Academic-Content-EN,torah-unit-text,
torah-weave/Genesis/genesis-unit-15/genesis-unit-15-commentary.html,Academic-Content-DWT.dwt,en,high,Academic-Content-EN,torah-unit-commentary,
torah-weave/Genesis/genesis-unit-15/genesis-unit-15.html,Academic-Content-DWT.dwt,en,high,Academic-Content-EN,torah-unit-text,
torah-weave/Genesis/genesis-unit-16/genesis-unit-16-commentary.html,Academic-Content-DWT.dwt,en,high,Academic-Content-EN,torah-unit-commentary,
torah-weave/Genesis/genesis-unit-16/genesis-unit-16.html,Academic-Content-DWT.dwt,en,high,Academic-Content-EN,torah-unit-text,
torah-weave/Genesis/genesis-unit-17/genesis-unit-17-commentary.html,Academic-Content-DWT.dwt,en,high,Academic-Content-EN,torah-unit-commentary,
torah-weave/Genesis/genesis-unit-17/genesis-unit-17.html,Academic-Content-DWT.dwt,en,high,Academic-Content-EN,torah-unit-text,
torah-weave/Genesis/genesis-unit-18/genesis-unit-18-commentary.html,Academic-Content-DWT.dwt,en,high,Academic-Content-EN,torah-unit-commentary,
torah-weave/Genesis/genesis-unit-18/genesis-unit-18.html,Academic-Content-DWT.dwt,en,high,Academic-Content-EN,torah-unit-text,
torah-weave/Genesis/genesis-unit-19/genesis-unit-19-commentary.html,Academic-Content-DWT.dwt,en,high,Academic-Content-EN,torah-unit-commentary,
torah-weave/Genesis/genesis-unit-19/genesis-unit-19.html,Academic-Content-DWT.dwt,en,high,Academic-Content-EN,torah-unit-text,
torah-weave/Genesis/genesis-unit-2/genesis-unit-2-commentary.html,Academic-Content-DWT.dwt,en,high,Academic-Content-EN,torah-unit-commentary,
torah-weave/Genesis/genesis-unit-2/genesis-unit-2.html,Academic-Content-DWT.dwt,en,high,Academic-Content-EN,torah-unit-text,
torah-weave/Genesis/genesis-unit-3/genesis-unit-3-commentary.html,Academic-Content-DWT.dwt,en,high,Academic-Content-EN,torah-unit-commentary,
torah-weave/Genesis/genesis-unit-3/genesis-unit-3.html,Academic-Content-DWT.dwt,en,high,Academic-Content-EN,torah-unit-text,
torah-weave/Genesis/genesis-unit-4/genesis-unit-4-commentary.html,Academic-Content-DWT.dwt,en,high,Academic-Content-EN,torah-unit-commentary,
torah-weave/Genesis/genesis-unit-4/genesis-unit-4.html,Academic-Content-DWT.dwt,en,high,Academic-Content-EN,torah-unit-text,
torah-weave/Genesis/genesis-unit-5/genesis-unit-5-commentary.html,Academic-Content-DWT.dwt,en,high,Academic-Content-EN,torah-unit-commentary,
torah-weave/Genesis/genesis-unit-5/genesis-unit-5.html,Academic-Content-DWT.dwt,en,high,Academic-Content-EN,torah-unit-text,
torah-weave/Genesis/genesis-unit-6/genesis-unit-6-commentary.html,Academic-Content-DWT.dwt,en,high,Academic-Content-EN,torah-unit-commentary,
torah-weave/Genesis/genesis-unit-6/genesis-unit-6.html,Academic-Content-DWT.dwt,en,high,Academic-Content-EN,torah-unit-text,
torah-weave/Genesis/genesis-unit-7/genesis-unit-7-commentary.html,Academic-Content-DWT.dwt,en,high,Academic-Content-EN,torah-unit-commentary,
torah-weave/Genesis/genesis-unit-7/genesis-unit-7.html,Academic-Content-DWT.dwt,en,high,Academic-Content-EN,torah-unit-text,
torah-weave/Genesis/genesis-unit-8/genesis-unit-8-commentary.html,Academic-Content-DWT.dwt,en,high,Academic-Content-EN,torah-unit-commentary,
torah-weave/Genesis/genesis-unit-8/genesis-unit-8.html,Academic-Content-DWT.dwt,en,high,Academic-Content-EN,torah-unit-text,
torah-weave/Genesis/genesis-unit-9/Akedah divine names essay.html,Academic-Content-DWT.dwt,en,high,Academic-Content-EN,,
torah-weave/Genesis/genesis-unit-9/Akedah-divine-names-essay.html,Academic-Content-DWT.dwt,en,high,Academic-Content-EN,,
torah-weave/Genesis/genesis-unit-9/genesis-unit-9-commentary.html,Academic-Content-DWT.dwt,en,high,Academic-Content-EN,torah-unit-commentary,
torah-weave/Genesis/genesis-unit-9/genesis-unit-9.html,Academic-Content-DWT.dwt,en,high,Academic-Content-EN,torah-unit-text,
torah-weave/Genesis/hebrew-genesis-unit-1/hebrew-genesis-unit-1.html,Academic-Content-DWT.dwt,he,high,Academic-Content-HE,torah-unit-hebrew,
torah-weave/Genesis/hebrew-genesis-unit-1/test.html,Academic-Content-DWT.dwt,en,high,Academic-Content-EN,torah-unit-hebrew,
torah-weave/Genesis/hebrew-genesis-unit-10/hebrew-genesis-unit-10.html,Academic-Content-DWT.dwt,he,high,Academic-Content-HE,torah-unit-hebrew,
torah-weave/Genesis/hebrew-genesis-unit-11/hebrew-genesis-unit-11.html,Academic-Content-DWT.dwt,he,high,Academic-Content-HE,torah-unit-hebrew,
torah-weave/Genesis/hebrew-genesis-unit-12/hebrew-genesis-unit-12.html,Academic-Content-DWT.dwt,he,high,Academic-Content-HE,torah-unit-hebrew,
torah-weave/Genesis/hebrew-genesis-unit-13/hebrew-genesis-unit-13.html,Academic-Content-DWT.dwt,he,high,Academic-Content-HE,torah-unit-hebrew,
torah-weave/Genesis/hebrew-genesis-unit-14/hebrew-genesis-unit-14.html,Academic-Content-DWT.dwt,he,high,Academic-Content-HE,torah-unit-hebrew,
torah-weave/Genesis/hebrew-genesis-unit-15/hebrew-genesis-unit-15.html,Academic-Content-DWT.dwt,he,high,Academic-Content-HE,torah-unit-hebrew,
torah-weave/Genesis/hebrew-genesis-unit-16/hebrew-genesis-unit-16.html,Academic-Content-DWT.dwt,he,high,Academic-Content-HE,torah-unit-hebrew,
torah-weave/Genesis/hebrew-genesis-unit-17/hebrew-genesis-unit-17.html,Academic-Content-DWT.dwt,he,high,Academic-Content-HE,torah-unit-hebrew,
torah-weave/Genesis/hebrew-genesis-unit-18/hebrew-genesis-unit-18.html,Academic-Content-DWT.dwt,he,high,Academic-Content-HE,torah-unit-hebrew,
torah-weave/Genesis/hebrew-genesis-unit-19/hebrew-genesis-unit-19.html,Academic-Content-DWT.dwt,he,high,Academic-Content-HE,torah-unit-hebrew,
torah-weave/Genesis/hebrew-genesis-unit-2/hebrew-genesis-unit-2.html,Academic-Content-DWT.dwt,he,high,Academic-Content-HE,torah-unit-hebrew,
torah-weave/Genesis/hebrew-genesis-unit-3/hebrew-genesis-unit-3.html,Academic-Content-DWT.dwt,he,high,Academic-Content-HE,torah-unit-hebrew,
torah-weave/Genesis/hebrew-genesis-unit-4/hebrew-genesis-unit-4.html,Academic-Content-DWT.dwt,he,high,Academic-Content-HE,torah-unit-hebrew,
torah-weave/Genesis/hebrew-genesis-unit-5/hebrew-genesis-unit-5.html,Academic-Content-DWT.dwt,he,high,Academic-Content-HE,torah-unit-hebrew,
torah-weave/Genesis/hebrew-genesis-unit-6/hebrew-genesis-unit-6.html,Academic-Content-DWT.dwt,he,high,Academic-Content-HE,torah-unit-hebrew,
torah-weave/Genesis/hebrew-genesis-unit-7/hebrew-genesis-unit-7.html,Academic-Content-DWT.dwt,he,high,Academic-Content-HE,torah-unit-hebrew,
torah-weave/Genesis/hebrew-genesis-unit-8/hebrew-genesis-unit-8.html,Academic-Content-DWT.dwt,he,high,Academic-Content-HE,torah-unit-hebrew,
torah-weave/Genesis/hebrew-genesis-unit-9/hebrew-genesis-unit-9.html,Academic-Content-DWT.dwt,he,high,Academic-Content-HE,torah-unit-hebrew,
torah-weave/Leviticus/hebrew-leviticus-unit-1/hebrew-leviticus-unit-1.html,Academic-Content-DWT.dwt,he,high,Academic-Content-HE,torah-unit-hebrew,
torah-weave/Leviticus/hebrew-leviticus-unit-10/hebrew-leviticus-unit-10.html,Academic-Content-DWT.dwt,he,high,Academic-Content-HE,torah-unit-hebrew,
torah-weave/Leviticus/hebrew-leviticus-unit-11/hebrew-leviticus-unit-11.html,Academic-Content-DWT.dwt,he,high,Academic-Content-HE,torah-unit-hebrew,
torah-weave/Leviticus/hebrew-leviticus-unit-12/hebrew-leviticus-unit-12.html,Academic-Content-DWT.dwt,he,high,Academic-Content-HE,torah-unit-hebrew,
torah-weave/Leviticus/hebrew-leviticus-unit-13/hebrew-leviticus-unit-13.html,Academic-Content-DWT.dwt,he,high,Academic-Content-HE,torah-unit-hebrew,
torah-weave/Leviticus/hebrew-leviticus-unit-14/hebrew-leviticus-unit-14.html,Academic-Content-DWT.dwt,he,high,Academic-Content-HE,torah-unit-hebrew,
torah-weave/Leviticus/hebrew-leviticus-unit-15/hebrew-leviticus-unit-15.html,Academic-Content-DWT.dwt,he,high,Academic-Content-HE,torah-unit-hebrew,
torah-weave/Leviticus/hebrew-leviticus-unit-16/hebrew-leviticus-unit-16.html,Academic-Content-DWT.dwt,he,high,Academic-Content-HE,torah-unit-hebrew,
torah-weave/Leviticus/hebrew-leviticus-unit-17/hebrew-leviticus-unit-17.html,Academic-Content-DWT.dwt,he,high,Academic-Content-HE,torah-unit-hebrew,
torah-weave/Leviticus/hebrew-leviticus-unit-18/hebrew-leviticus-unit-18.html,Academic-Content-DWT.dwt,he,high,Academic-Content-HE,torah-unit-hebrew,
torah-weave/Leviticus/hebrew-leviticus-unit-19/hebrew-leviticus-unit-19.html,Academic-Content-DWT.dwt,he,high,Academic-Content-HE,torah-unit-hebrew,
torah-weave/Leviticus/hebrew-leviticus-unit-2/hebrew-leviticus-unit-2.html,Academic-Content-DWT.dwt,he,high,Academic-Content-HE,torah-unit-hebrew,
torah-weave/Leviticus/hebrew-leviticus-unit-20/hebrew-leviticus-unit-20.html,Academic-Content-DWT.dwt,he,high,Academic-Content-HE,torah-unit-hebrew,
torah-weave/Leviticus/hebrew-leviticus-unit-21/hebrew-leviticus-unit-21.html,Academic-Content-DWT.dwt,he,high,Academic-Content-HE,torah-unit-hebrew,
torah-weave/Leviticus/hebrew-leviticus-unit-22/hebrew-leviticus-unit-22.html,Academic-Content-DWT.dwt,he,high,Academic-Content-HE,torah-unit-hebrew,
torah-weave/Leviticus/hebrew-leviticus-unit-3/hebrew-leviticus-unit-3.html,Academic-Content-DWT.dwt,he,high,Academic-Content-HE,torah-unit-hebrew,
torah-weave/Leviticus/hebrew-leviticus-unit-4/hebrew-leviticus-unit-4.html,Academic-Content-DWT.dwt,he,high,Academic-Content-HE,torah-unit-hebrew,
torah-weave/Leviticus/hebrew-leviticus-unit-5/hebrew-leviticus-unit-5.html,Academic-Content-DWT.dwt,he,high,Academic-Content-HE,torah-unit-hebrew,
torah-weave/Leviticus/hebrew-leviticus-unit-6/hebrew-leviticus-unit-6.html,Academic-Content-DWT.dwt,he,high,Academic-Content-HE,torah-unit-hebrew,
torah-weave/Leviticus/hebrew-leviticus-unit-7/hebrew-leviticus-unit-7.html,Academic-Content-DWT.dwt,he,high,Academic-Content-HE,torah-unit-hebrew,
torah-weave/Leviticus/hebrew-leviticus-unit-8/hebrew-leviticus-unit-8.html,Academic-Content-DWT.dwt,he,high,Academic-Content-HE,torah-unit-hebrew,
torah-weave/Leviticus/hebrew-leviticus-unit-9/hebrew-leviticus-unit-9.html,Academic-Content-DWT.dwt,he,high,Academic-Content-HE,torah-unit-hebrew,
torah-weave/Leviticus/leviticus-analysis/architecture-and-meaning-in-leviticus.html,Academic-Content-DWT.dwt,en,high,Academic-Content-EN,book-analysis,
torah-weave/Leviticus/leviticus-analysis/leviticus-map.html,Academic-Content-DWT.dwt,en,high,Academic-Content-EN,book-analysis,
torah-weave/Leviticus/leviticus-analysis/overview.html,Academic-Content-DWT.dwt,en,high,Academic-Content-EN,book-analysis,
torah-weave/Leviticus/leviticus-analysis/the-three-rows.html,Academic-Content-DWT.dwt,en,high,Academic-Content-EN,book-analysis,
torah-weave/Leviticus/leviticus-analysis/units-of-leviticus.html,Academic-Content-DWT.dwt,en,high,Academic-Content-EN,book-analysis,
torah-weave/Leviticus/leviticus-map/leviticus-map.html,Academic-Content-DWT.dwt,en,high,Academic-Content-EN,book-map,
torah-weave/Leviticus/leviticus-unit-1/leviticus-unit-1-commentary.html,Academic-Content-DWT.dwt,en,high,Academic-Content-EN,torah-unit-commentary,
torah-weave/Leviticus/leviticus-unit-1/leviticus-unit-1.html,Academic-Content-DWT.dwt,en,high,Academic-Content-EN,torah-unit-text,
torah-weave/Leviticus/leviticus-unit-10/leviticus-unit-10.html,Academic-Content-DWT.dwt,en,high,Academic-Content-EN,torah-unit-text,
torah-weave/Leviticus/leviticus-unit-11/leviticus-unit-11.html,Academic-Content-DWT.dwt,en,high,Academic-Content-EN,torah-unit-text,
torah-weave/Leviticus/leviticus-unit-12/leviticus-unit-12.html,Academic-Content-DWT.dwt,en,high,Academic-Content-EN,torah-unit-text,
torah-weave/Leviticus/leviticus-unit-13/leviticus-unit-13.html,Academic-Content-DWT.dwt,en,high,Academic-Content-EN,torah-unit-text,
torah-weave/Leviticus/leviticus-unit-14/leviticus-unit-14.html,Academic-Content-DWT.dwt,en,high,Academic-Content-EN,torah-unit-text,
torah-weave/Leviticus/leviticus-unit-15/leviticus-unit-15.html,Academic-Content-DWT.dwt,en,high,Academic-Content-EN,torah-unit-text,
torah-weave/Leviticus/leviticus-unit-16/leviticus-unit-16.html,Academic-Content-DWT.dwt,en,high,Academic-Content-EN,torah-unit-text,
torah-weave/Leviticus/leviticus-unit-17/leviticus-unit-17.html,Academic-Content-DWT.dwt,en,high,Academic-Content-EN,torah-unit-text,
torah-weave/Leviticus/leviticus-unit-18/leviticus-unit-18.html,Academic-Content-DWT.dwt,en,high,Academic-Content-EN,torah-unit-text,
torah-weave/Leviticus/leviticus-unit-19/leviticus-unit-19.html,Academic-Content-DWT.dwt,en,high,Academic-Content-EN,torah-unit-text,
torah-weave/Leviticus/leviticus-unit-2/leviticus-unit-2-commentary.html,Academic-Content-DWT.dwt,en,high,Academic-Content-EN,torah-unit-commentary,
torah-weave/Leviticus/leviticus-unit-2/leviticus-unit-2.html,Academic-Content-DWT.dwt,en,high,Academic-Content-EN,torah-unit-text,
torah-weave/Leviticus/leviticus-unit-20/leviticus-unit-20.html,Academic-Content-DWT.dwt,en,high,Academic-Content-EN,torah-unit-text,
torah-weave/Leviticus/leviticus-unit-21/leviticus-unit-21.html,Academic-Content-DWT.dwt,en,high,Academic-Content-EN,torah-unit-text,
torah-weave/Leviticus/leviticus-unit-22/leviticus-unit-22-commentary.html,Academic-Content-DWT.dwt,en,high,Academic-Content-EN,torah-unit-commentary,
torah-weave/Leviticus/leviticus-unit-22/leviticus-unit-22.html,Academic-Content-DWT.dwt,en,high,Academic-Content-EN,torah-unit-text,
torah-weave/Leviticus/leviticus-unit-3/leviticus-unit-3-commentary.html,Academic-Content-DWT.dwt,en,high,Academic-Content-EN,torah-unit-commentary,
torah-weave/Leviticus/leviticus-unit-3/leviticus-unit-3.html,Academic-Content-DWT.dwt,en,high,Academic-Content-EN,torah-unit-text,
torah-weave/Leviticus/leviticus-unit-4/leviticus-unit-4.html,Academic-Content-DWT.dwt,en,high,Academic-Content-EN,torah-unit-text,
torah-weave/Leviticus/leviticus-unit-5/leviticus-unit-5.html,Academic-Content-DWT.dwt,en,high,Academic-Content-EN,torah-unit-text,
torah-weave/Leviticus/leviticus-unit-6/leviticus-unit-6.html,Academic-Content-DWT.dwt,en,high,Academic-Content-EN,torah-unit-text,
torah-weave/Leviticus/leviticus-unit-7/leviticus-unit-7.html,Academic-Content-DWT.dwt,en,high,Academic-Content-EN,torah-unit-text,
torah-weave/Leviticus/leviticus-unit-8/leviticus-unit-8.html,Academic-Content-DWT.dwt,en,high,Academic-Content-EN,torah-unit-text,
torah-weave/Leviticus/leviticus-unit-9/leviticus-unit-9.html,Academic-Content-DWT.dwt,en,high,Academic-Content-EN,torah-unit-text,
torah-weave/Numbers/hebrew-numbers-unit-1/hebrew-numbers-unit-1.html,Academic-Content-DWT.dwt,he,high,Academic-Content-HE,torah-unit-hebrew,
torah-weave/Numbers/hebrew-numbers-unit-10/hebrew-numbers-unit-10.html,Academic-Content-DWT.dwt,he,high,Academic-Content-HE,torah-unit-hebrew,
torah-weave/Numbers/hebrew-numbers-unit-11/hebrew-numbers-unit-11.html,Academic-Content-DWT.dwt,he,high,Academic-Content-HE,torah-unit-hebrew,
torah-weave/Numbers/hebrew-numbers-unit-12/hebrew-numbers-unit-12.html,Academic-Content-DWT.dwt,he,high,Academic-Content-HE,torah-unit-hebrew,
torah-weave/Numbers/hebrew-numbers-unit-13/hebrew-numbers-unit-13.html,Academic-Content-DWT.dwt,he,high,Academic-Content-HE,torah-unit-hebrew,
torah-weave/Numbers/hebrew-numbers-unit-2/hebrew-numbers-unit-2.html,Academic-Content-DWT.dwt,he,high,Academic-Content-HE,torah-unit-hebrew,
torah-weave/Numbers/hebrew-numbers-unit-3/hebrew-numbers-unit-3.html,Academic-Content-DWT.dwt,he,high,Academic-Content-HE,torah-unit-hebrew,
torah-weave/Numbers/hebrew-numbers-unit-4/hebrew-numbers-unit-4.html,Academic-Content-DWT.dwt,he,high,Academic-Content-HE,torah-unit-hebrew,
torah-weave/Numbers/hebrew-numbers-unit-5/hebrew-numbers-unit-5.html,Academic-Content-DWT.dwt,he,high,Academic-Content-HE,torah-unit-hebrew,
torah-weave/Numbers/hebrew-numbers-unit-6/hebrew-numbers-unit-6.html,Academic-Content-DWT.dwt,he,high,Academic-Content-HE,torah-unit-hebrew,
torah-weave/Numbers/hebrew-numbers-unit-7/hebrew-numbers-unit-7.html,Academic-Content-DWT.dwt,he,high,Academic-Content-HE,torah-unit-hebrew,
torah-weave/Numbers/hebrew-numbers-unit-8/hebrew-numbers-unit-8.html,Academic-Content-DWT.dwt,he,high,Academic-Content-HE,torah-unit-hebrew,
torah-weave/Numbers/hebrew-numbers-unit-9/hebrew-numbers-unit-9.html,Academic-Content-DWT.dwt,he,high,Academic-Content-HE,torah-unit-hebrew,
torah-weave/Numbers/numbers-map/numbers-map.html,Academic-Content-DWT.dwt,en,high,Academic-Content-EN,book-map,
torah-weave/Numbers/numbers-unit-1/numbers-unit-1.html,Academic-Content-DWT.dwt,en,high,Academic-Content-EN,torah-unit-text,
torah-weave/Numbers/numbers-unit-10/numbers-unit-10.html,Academic-Content-DWT.dwt,en,high,Academic-Content-EN,torah-unit-text,
torah-weave/Numbers/numbers-unit-11/numbers-unit-11.html,Academic-Content-DWT.dwt,en,high,Academic-Content-EN,torah-unit-text,
torah-weave/Numbers/numbers-unit-12/numbers-unit-12.html,Academic-Content-DWT.dwt,en,high,Academic-Content-EN,torah-unit-text,
torah-weave/Numbers/numbers-unit-13/numbers-unit-13.html,Academic-Content-DWT.dwt,en,high,Academic-Content-EN,torah-unit-text,
torah-weave/Numbers/numbers-unit-2/numbers-unit-2.html,Academic-Content-DWT.dwt,en,high,Academic-Content-EN,torah-unit-text,
torah-weave/Numbers/numbers-unit-3/numbers-unit-3.html,Academic-Content-DWT.dwt,en,high,Academic-Content-EN,torah-unit-text,
torah-weave/Numbers/numbers-unit-4/numbers-unit-4.html,Academic-Content-DWT.dwt,en,high,Academic-Content-EN,torah-unit-text,
torah-weave/Numbers/numbers-unit-5/numbers-unit-5.html,Academic-Content-DWT.dwt,en,high,Academic-Content-EN,torah-unit-text,
torah-weave/Numbers/numbers-unit-6/numbers-unit-6.html,Academic-Content-DWT.dwt,en,high,Academic-Content-EN,torah-unit-text,
torah-weave/Numbers/numbers-unit-7/numbers-unit-7.html,Academic-Content-DWT.dwt,en,high,Academic-Content-EN,torah-unit-text,
torah-weave/Numbers/numbers-unit-8/numbers-unit-8.html,Academic-Content-DWT.dwt,en,high,Academic-Content-EN,torah-unit-text,
torah-weave/Numbers/numbers-unit-9/numbers-unit-9.html,Academic-Content-DWT.dwt,en,high,Academic-Content-EN,torah-unit-text,
torah-weave/The-Sixth-Book-of-theTorah.html,Academic-Content-DWT.dwt,en,high,Academic-Content-EN,torah-weave-nav,
torah-weave/Woven-Torah-Method.html,Academic-Content-DWT.dwt,en,high,Academic-Content-EN,torah-weave-nav,
torah-weave/bible-contradictions-explained.html,Academic-Content-DWT.dwt,en,high,Academic-Content-EN,torah-weave-nav,
torah-weave/book-of-numbers-camp-map.html,Academic-Content-DWT.dwt,en,high,Academic-Content-EN,torah-weave-nav,
torah-weave/cain-and-abel-two-fathers.html,Academic-Content-DWT.dwt,en,high,Academic-Content-EN,torah-weave-nav,
torah-weave/commentary.html,Academic-Content-DWT.dwt,en,high,Academic-Content-EN,torah-weave-nav,
torah-weave/data/index.html,Academic-Content-DWT.dwt,en,high,Academic-Content-EN,,
torah-weave/documentary-hypothesis-alternative.html,Academic-Content-DWT.dwt,en,high,Academic-Content-EN,torah-weave-nav,
torah-weave/introduction/decalogue-presentation/decalogue-woven-code.html,Academic-Content-DWT.dwt,en,high,Academic-Content-EN,introduction,
torah-weave/introduction/hidden-matrix.html,Academic-Content-DWT.dwt,en,high,Academic-Content-EN,introduction,
torah-weave/introduction/woven-torah-slides/index.html,Academic-Content-DWT.dwt,en,high,Academic-Content-EN,introduction,
torah-weave/leviticus-19-ark-at-the-center.html,Academic-Content-DWT.dwt,en,high,Academic-Content-EN,torah-weave-nav,
torah-weave/overview.html,Academic-Content-DWT.dwt,en,high,Academic-Content-EN,torah-weave-nav,
torah-weave/six-days-of-creation-picture.html,Academic-Content-DWT.dwt,en,high,Academic-Content-EN,torah-weave-nav,
torah-weave/ten-commandments-two-tablets.html,Academic-Content-DWT.dwt,en,high,Academic-Content-EN,torah-weave-nav,
torah-weave/ten-plagues-creation-in-reverse.html,Academic-Content-DWT.dwt,en,high,Academic-Content-EN,torah-weave-nav,
torah-weave/who-wrote-the-bible-theories-compared.html,Academic-Content-DWT.dwt,en,high,Academic-Content-EN,torah-weave-nav,
torah-weave/why-two-names-for-god.html,Academic-Content-DWT.dwt,en,high,Academic-Content-EN,torah-weave-nav,
torah-weave/yhwh-and-elohim-two-names.html,Academic-Content-DWT.dwt,en,high,Academic-Content-EN,torah-weave-nav,
